x1,x2,q01,q02,q03,q04,q05,q06,y
0.3058719314513228,0.2127262851842525,0.1157236307910887,-1.2767401029225438,-1.9621053878197177,-5.2685606000065865,2.996329131433834,-0.7375300567341991,93.43137846548632
0.0791549338563256,0.303949624961023,-1.419456622703411,-0.5388772679804759,-1.281267570487016,1.6183965936279057,1.0032715118806843,1.2557473199847635,93.19266144249316
0.1329095587677536,-0.1722512954869089,-1.548250964997898,-1.0834476703101965,-2.2357816379044015,-4.2020327148200325,5.829922967583489,5.783379470909187,91.48752140170848
0.0942073277979675,-0.3805547506964104,-1.8563322500731947,1.2556544600136528,1.756241937104896,-5.9949995682567305,0.9759402582289116,-6.262549156216973,200.0
0.2577363059526967,0.1118361409046857,3.05126811250714,-1.5136344426939872,1.9006439849512553,4.65562777761251,5.312428325918551,-6.255360691877941,52.29951499770698
0.2347441858787886,0.3851749900848084,-0.6349485233317615,1.9712392935591732,0.2918947854836906,3.403652841417996,-0.1893616964550233,-5.9173586089047,200.0
0.0432628442011025,-0.3108369500975814,-1.5629730593150502,2.921148935084756,0.8279105265468525,3.979269464882705,0.8304108538382104,1.7009362442954608,200.0
0.4059511955902053,0.3413460921950995,2.592610419052673,2.040845946273759,-2.549699430877066,-1.7461170710351217,-5.836965653922225,0.5825561888334159,104.9058981195408
0.3980713604280021,-0.3590857575189223,-1.9561583081156972,-0.8452281121432885,-1.6066678676417003,3.7081785483803658,-1.858629852900412,1.7451884228336905,69.47059045416702
0.2467075259483798,0.0667997949760452,2.760199233719069,2.7868445264674033,-2.4398084361867514,4.317239030544677,-1.93486730921257,-5.016152428352468,54.86052166493388
0.1917045330335576,0.0082838378713983,2.8971961096985286,-0.807310047528996,-3.0638733483639693,4.5202100544310255,-4.886926449216118,-0.2721996011233925,49.15602498174498
0.4249900161930968,0.0117903736005432,-0.3354729111169257,1.887949032013891,-3.0134698441312344,0.9125528544327972,-1.1135863266208048,6.096408798508868,63.81862219420995
0.400700765205535,-0.3568303182838825,-1.944785506069897,-0.2989612088614262,1.2751226771561868,-2.110545198302109,-1.7595030617157432,5.296355334886732,68.94803683507632
0.4768152528636735,-0.0738514170582851,2.5042964242372925,-1.0665502732295455,-2.621730892009351,0.33574282946606,2.021230228023951,4.938386288491097,68.41409037349277
0.4825787735071703,0.2159461415130518,1.6279677731386784,1.3197770881244768,1.2663937962957057,3.3593852119745655,5.960851352405143,-1.5869501776154582,200.0
0.0415272215192224,-0.20828764831022,-1.749975429894064,-0.8570277526167511,1.9497618238170444,-5.527994564135551,-0.6315410772309606,3.935416913850067,48.26312589731332
0.1321191872703244,-0.3492792144213051,-1.6203852845158524,-2.6070791782458556,1.9338226596558972,-4.1437597595887645,-3.828412344838761,3.953908128083554,55.17252701843809
0.4051427645912478,0.071499102586994,2.6058527122088586,-2.765722224481639,2.9216600580344236,0.8919008794445675,-2.481630587943229,4.09294012703444,61.21887210944928
0.3297086401766606,0.3892011531227167,-2.4662159955551446,0.5084261039047551,-0.1707257369130173,1.9134911304612157,-3.2438947969529472,-5.89199339301539,104.2709308173785
0.2721161763730929,-0.108231856966092,2.4651026708732457,-0.2554391616846114,-0.5111113634474536,1.6701402822811238,0.3415392876722558,5.795750118899091,96.43423408383704
0.3945050572781218,-0.0026435927019243,-1.8149546190279264,0.6533516275158582,1.5618478805982878,3.2152797304307352,6.201554263353545,-3.5374612084446917,58.77003860090154
0.2128186667674933,-0.0609203177558218,-1.1394780381590532,-0.8461375967935902,-0.1385988362466816,0.5289236797716752,-2.9502037299293566,-4.594720905859954,91.7257969577008
0.1509430488663649,-0.2908159249429799,-1.1454234037968352,1.1258379877502875,0.6367452617344997,6.248319491727333,0.7654753113760364,0.6123114513012222,53.35612064905354
0.3211747700776111,0.1814314965068608,0.727677929875072,0.5560623079232396,0.6597615597121185,-1.8248197194628435,3.4856849462520945,1.3144840141457106,95.35819126487206
0.1546153857367386,-0.2034952011646714,-2.6938152694225974,-0.9567458564258788,-3.0608658239305653,-4.201668724403321,-5.5245983447511255,-2.7877747533708934,50.26911188910201
0.1741659971695055,0.0729778491117252,1.7279584579243463,0.7838554350797242,-2.138287759502182,4.94816743461031,2.8976953090745,-0.0280478971301576,49.63896028805676
0.321820109695497,0.007580075445938,-2.0847096265795004,0.8888493802932063,3.067248515686761,3.3970589648793315,-4.002625173842482,-4.778123404209611,200.0
0.4651709214938713,0.3280779463698334,1.5656733920388133,1.636967946803335,-2.2438775396028223,3.9200063221072465,-3.8669324149969815,-4.338600909923528,107.72955994664432
0.2035394782607348,-0.3996936845060233,2.1709524658892274,-2.129167590229345,1.503256702209483,1.0418880408325275,3.3961873595771923,1.256551192129174,61.660558213856554
0.480733742923086,-0.0961772884654261,-0.0187845244820241,-1.0157482255125072,1.5252478924099018,-2.507042839522339,3.7546590606884305,-5.203108525898828,65.45583727770166
0.1178318188325863,-0.0494648859150718,-2.349623201180412,-1.8659050950162144,2.145976337448281,-1.6030610498834204,-3.53514964822565,4.349633328710498,90.5743622105818
0.287687332529576,0.1069731818325363,2.443710111168527,1.344344415647079,-1.4758406316870225,-6.161187106626769,0.6215761643096496,2.6078514592182227,53.97109291503808
0.4028473048200115,-0.2474749326413662,0.843293167131737,2.7555093520166167,-1.5193597575858282,-2.6077674540012477,-0.9343849021119216,0.8944566874637712,200.0
0.4950277766615352,0.0705596901636989,2.437243791661577,0.981504413305399,-0.1710353782368909,-2.443549241963779,-1.882698947236568,3.482572226326818,70.08859944489095
0.0887545236600568,-0.2896517132831101,-1.802991664166295,1.0613144452863237,-0.8079865474885253,-3.6881961152498457,-2.127431212667364,-5.257397972782991,49.77544695640538
0.218267776734886,0.2489727860265563,-0.3405960113850188,-0.3310600662671059,-2.968626216337504,-2.7774484867621925,-5.338564946337394,-5.683287167842057,90.65582356514572
0.431792789925555,0.1714540722497288,2.0762013039422085,-2.306520906446782,-0.8464301380648291,5.192644781095213,-0.8370724492538271,5.348898435883445,99.7580280777059
0.4806840380657254,-0.3947135136083404,-0.4214095596634633,0.5222120483911068,-0.9498443770585075,-1.557827607322574,-1.8117995085952645,-3.379940573654535,76.35213072563396
0.0130186222131797,0.1849471998945939,3.132266944263197,-2.9006832013594206,2.2562806405938076,0.5567521826183315,-6.037890270230435,-5.418412812693863,47.79437464662966
0.2627247405387451,-0.3163518348462939,-1.2817859651519108,-1.4147571643953676,2.956902867226911,-0.3811821923032106,-2.6994943613594153,5.50711256375007,60.89366358700974
0.4833633344182398,0.1755199062686977,-2.2815563288502654,2.449807576619341,-0.3690724604851594,3.595582677339186,2.783309447373968,1.924716565819807,200.0
0.3834865663154883,0.2494642043515025,-0.2408876442736067,-0.096631569933864,-2.5296968315543085,-1.6227863368732347,4.85230663058954,-3.515165390985976,101.48784249943876
0.3744575595897275,0.2453037321229333,-1.9065205535616816,1.6625474839400676,0.9886357262381358,5.97479665874547,-1.403749681617457,3.2264156077570494,200.0
0.4219768110780028,-0.096741885753967,-1.7361190122875754,-0.8278574049566663,0.9602584592005572,-3.048760461239614,4.50503045304127,-2.573699761539871,63.46251133765462
0.3820173328306098,-0.1431650112115836,0.0271585289303279,2.3510656541129933,-0.0917554092180363,1.5605988735305285,-1.9753324757933628,-0.394917011082339,200.0
0.0307070107466797,0.0158131907616372,-0.3194739313930408,-1.263027931374446,-2.0553737553567606,-2.0022787352758726,-2.5779843680100147,-1.7274022598276106,43.12524641078939
0.4043770304799894,0.3164796481127145,2.607731273435464,-0.4928805696279585,2.5035195529673926,1.094249302348505,6.240599132758721,-4.721652410943558,103.1571163687371
0.3784157793888401,0.0706148559222714,0.0915210047906902,1.6224164300723452,2.0940708327542943,4.160572349266321,-1.9588591807645148,-1.4994563204701832,200.0
0.2976425637649216,-0.3657024438693054,1.97735157359266,0.5404990855698242,-0.354970303905521,1.7358540292146056,5.722116683188702,3.822830057225735,64.50669891418462
0.3280748458640163,-0.2339661270997591,2.9640048179189895,-0.7092852475169096,2.546174820547389,0.0132527935279638,2.1665463743464493,4.868249325968854,60.91330337789306
0.0291928773915736,-0.1642026840408214,-2.025110916810669,-2.8490122107328575,-0.9939478859795664,5.220079587592112,-3.10745888809167,-4.862710185352601,200.0
0.4709224683859075,-0.0053512075900024,-0.1772422421559598,1.1802759781362369,1.992302730254396,-3.431783989645123,-3.7403443435499417,-0.9487763026052828,200.0
0.4237964743391808,0.3416971226835346,-1.9452530390400784,1.1904072995995003,-0.3401171150381308,4.751473908341724,-2.5684266521199857,-2.887703605862315,105.75484619763368
0.0109659474543764,0.2970807043871275,-2.098208284809793,-1.3915295236024814,-1.5938481015260255,5.303664117095611,-5.257415599013848,-2.0526105204948184,88.85017245690702
0.3402175157334086,-0.267547875197381,0.4879427760397941,-0.4733935291009832,-3.0590310864271273,1.3396113988825542,-1.9236991933116387,-3.6250599489577713,64.6706933282455
0.4875750143637005,0.2711857684065157,-0.3222689166721966,-1.1231253910481147,-3.053013035249698,2.8660101628648356,-2.936464876725658,0.1469002765030014,104.09817838492545
0.3130095357560478,0.2023247950467122,-2.147930936184298,-2.567833461525278,1.7220146862424723,-5.636545868477217,-1.1734812908482155,-5.830500717325432,93.81201183260964
0.10389442359542,-0.2484818386927889,2.1356598489076166,1.5264478662491785,-1.6042466193357774,1.0828202163151932,-0.0678733259332853,-5.137613714748119,50.54281096823556
0.1789087867441908,0.200560789190638,-2.332522367963849,-1.6342522239591522,-0.9021118377865348,-6.232646098913916,3.436318252679081,-1.3183149470982096,52.313161110708215
0.3193333509732421,0.0208274233648643,1.7553202738552507,0.998053724929532,-0.6361277551694795,-4.729207527863901,-0.9549666778901588,-6.216738737381862,52.770565979170726
0.0390829542352795,0.2638467222911543,0.1053637781223777,1.8154943238124472,1.5023781298983456,0.349337031569382,2.8562791897771156,5.577243205759782,200.0
0.4742130456152882,-0.1964548364685663,2.565951592760398,-0.182050817733832,-1.8322816768476176,-1.129117294880631,1.0547095162772333,4.888310069231103,66.19094271529431
0.451687117113216,0.0478203001932279,1.9299525438859677,0.1829371996284283,-2.54420584138415,-0.80753193311351,2.5027984277984014,3.1987401378733917,65.37300278910215
0.33892676217928,-0.3983161210388312,1.1456601302728036,3.0160624534997087,-1.8032499191742208,2.6793637126978886,-3.798950594033491,3.348803176842273,200.0
0.4678984780796073,-0.2334390669820387,2.0693081527427974,-1.2613266088437065,2.392040059808169,-5.883890294876919,3.2073236911108314,-3.576869117206448,68.65018612404172
0.1834434718210214,-0.2738328417903846,1.931646084279854,-1.8783339961542032,-0.9137077774877858,-1.688948358517797,-2.9213933455939776,-3.4692906674724577,55.609302089466034
0.3738050640725636,0.0619061724794042,1.7207318471429254,-2.1554117694752657,0.2831482359458519,-5.281581077764109,-5.046509981518057,-0.8548617630975262,59.77825321341779
0.296124922930459,0.1733139156506857,0.4290699335254144,-2.65746826136275,-0.7734836456982443,2.9898842478915135,5.661793176906363,5.093484351070579,58.25380800133361
0.245795151741876,0.3484208682608495,-1.5621049333265846,0.7346183860088678,1.65133865521286,-6.262089274890171,-5.2512338162902665,-2.2471321047228434,99.92911886966596
0.1081749019664697,-0.2601940075791543,0.3257230026254953,0.8773130666895499,-0.0940765824391975,2.50772832859586,-2.2849567971026468,-1.6842583078752842,51.161619972594366
0.0664980615329863,-0.226444791786128,-0.0828467758424849,2.0508642200371705,-0.1661790632874971,4.815138940465294,5.49109101882485,3.411240819280218,200.0
0.3895067674759668,-0.3882849575195994,1.2117496630598072,-2.925951438779195,1.6014243780556263,-0.9433572283386882,-5.232123657846493,5.409054434162799,70.50729091053387
0.0926035896410634,0.3683079227100254,1.784858090260972,2.6558629940738205,0.7917227914980405,-1.8625924380559304,2.502227129653127,-0.4965495450849149,200.0
0.3673172634898448,0.3630008140250269,-2.785068080600066,-2.1013716302677663,-0.4375722244830737,-5.938257096581764,-1.7642829539381522,-0.9653731747136094,105.7604489468046
0.0872643581334708,-0.366409412977939,0.848832420812982,-1.6524121230201954,1.2566396239226485,-1.045446626041466,5.002215122542978,-2.5398504028224855,53.76776051453073
0.2703885392781986,-0.1720043516478899,2.818496970359731,-1.3963259105226509,1.1073393338431483,-1.8300988287559532,2.3057998266180686,1.5064353146194265,94.34327646776308
0.3864962575409219,0.1010005833841029,-0.2758282667792744,-0.3105651913239033,-2.159156903001074,-4.805906568140321,-4.338589912183272,5.397674760521063,61.59541642742205
0.335228984757354,0.3238888085679732,0.7206495464744016,-1.8044546395698584,-3.0629983085292807,0.4232187591350111,5.94383497048155,3.690714759489376,103.20437220196386
0.0344627916414747,-0.1088618351633758,-2.3034492613825384,-1.4425056450725051,1.1160159270649936,-2.190980789591431,0.1187176983599904,-2.648361183496349,200.0
0.2048412124684016,-0.0977395522477869,0.5241341337961707,-2.645569496826943,3.101448929496546,-4.577489950188516,-5.606914626567384,5.152596856520459,92.62343388047208
0.1825644189957516,-0.3964212596039258,-1.5653319596805668,1.9373655822937703,1.525678673820611,1.8239316141736968,4.092165103209483,-0.3414865317468321,200.0
0.4594510336044923,-0.1842772722793167,-0.0210796244703508,2.0695547007499675,0.2755078112261184,-3.2692411118832556,-2.09038678692178,4.530561722023679,200.0
0.2644976509078907,-0.1233831517736288,0.7792447507726963,-2.2116056451913453,1.5166008546224203,-1.710572797014046,0.2102288569877144,-1.926827251276313,96.65592697417156
0.4286433087565893,-0.2587722994097002,2.319275400555872,1.0169196034399448,-2.0007329092356043,-4.315265553422947,-3.01930184186357,-0.7079116583354628,66.96798523526525
0.4720941802097154,0.2276829851188357,-1.331734270381224,-0.1526426632956363,-2.87464217980319,3.4687714873897644,2.698765147200465,1.7872167940942347,104.52093666078451
0.3015135203541792,-0.3403933085826047,0.1506684357220358,0.633389796557859,0.750102190793041,4.996986269903491,-2.1333339165153813,-3.2135302253678586,64.4098472376246
0.2189969994587821,0.0937624554827712,2.209268422259007,1.5285817496379437,0.1106922368996232,-1.386904669541317,3.096885908776267,-1.625802324653102,51.63753013407674
0.2121529021341555,-0.3853114489760916,0.0487667961219062,-1.8538702654232968,2.9301573131410468,-5.121094903467988,-5.760182611746957,0.2149248232424563,61.35592410556965
0.4917287512321731,-0.1808434375123685,-2.3054692866650037,-2.5727220593659252,-3.119700030371645,1.4540856150395722,-1.8442782553234212,4.02133333714481,68.82328923136346
0.1108483657326076,0.0383999838838636,-2.7998009916530675,-1.1127454751071642,2.56062670994962,1.2996743020995003,-0.4556665778197031,5.418074341902841,45.96574646614337
0.1747034046325845,-0.3420330240583095,-0.2812001722064363,0.5600742742028819,1.8817833991356032,-1.6537970007535383,0.2477527025267916,4.882861863464523,57.415397341881615
0.316449986773175,-0.1811149169168748,2.711990125437085,0.4381004852887993,2.123407992468586,3.851713838506207,2.157212839258886,-2.52670236527702,101.54952454839056
0.3265642420956641,-0.307696131912301,1.0670787080529536,0.1581440795521649,-1.1124446750726182,-0.7249677801899486,-2.7009379553398496,-0.3781028463948628,63.985784558064
0.2130277276460017,-0.006250058445773,-2.9724854712633797,-2.4596214675716803,2.223663604099114,-4.074080730168589,-2.3792141691479296,2.4583664438692665,47.42894214661459
0.192479094184638,-0.0768882854513693,-2.9030935382669876,-0.4110143886080561,0.4443970659077285,-0.7351383732759427,-1.4878887280366522,-4.109722398844882,93.48072034817172
0.1936081378778479,-0.3593428706465439,-1.362344648369424,-3.089018969215157,-2.1164854873535184,-5.463209641663761,5.384059155053096,0.3525400042229387,59.59184291268078
0.1146408692909825,0.0923501648550673,-1.493010380634512,0.934472275270914,0.0937106472402393,-1.3056758890080324,5.085347186112175,2.3253102767084695,47.47318525095349
0.4733990030540076,-0.1816868773833789,-0.7300602816366282,1.067760679907451,0.7709805951334774,-2.86738587565181,-5.088556587447187,4.128593847738891,65.06945970371648
0.1695551868884687,-0.3990616330855084,1.2089302481282642,-1.0629589619050512,1.4566592310167152,-4.773615102353248,-3.050322822250336,5.185224265920175,60.029449922519944
0.3062764973832816,-0.0756220547735631,2.242857384574254,1.087105028189197,-2.0154425397717857,-2.8797242112856383,4.7818389809745305,5.487265129303461,97.6113120103094
0.3511604830399943,0.0256558997203126,2.5807638882623056,1.0074684149711706,2.7615825569052905,2.579805469225086,-3.556467852393674,4.729738368209858,200.0
0.2675469831612483,-0.1266132707590359,-1.6796760500488324,-1.4388383044758133,0.2730351023208226,-5.699581898207117,-1.7036814786157244,-3.076478503078065,97.0060051960712
0.0486160141508915,0.0021489470001362,-0.906196447190048,2.376185152735432,0.1678665952909326,-4.450603301676294,-5.309887542791406,0.862603727348036,200.0
0.3897069990834031,-0.0718871477658776,0.2182475888710682,1.9250426676133705,0.9529575719740606,1.3485572674628727,4.946430683141299,-4.214577243489731,200.0
0.0863806427003136,0.355842058449072,1.930687009298837,2.99557640210908,0.1623126060519881,-0.942729412290272,5.699939598914089,1.5187765238969142,200.0
0.2083533971024622,-0.0525132829938349,-0.1332547401517434,-2.7625887472579302,-2.156903199872235,1.693370455754707,2.3835449032673477,4.82540994974981,90.96796325353768
0.2872174481335183,-0.2823433891355511,1.184632779477293,-2.1278710897409763,0.2002116887512848,-3.74893016966748,-2.810773041030789,4.6572846515584345,60.674071609581475
0.2772227628622872,0.1984767742260527,-2.185914876983785,-0.3398457901004805,-0.6758662991202842,5.990506740858162,3.0327137924524177,4.0590627908032015,93.70186260702606
0.3402676428952439,-0.3463120240023573,1.780102299616459,1.4171305000096517,1.249967335537204,-0.9084793087869,-2.8595260742050224,-0.0713365018768374,200.0
0.2030241802744002,-0.315238263783716,1.712681960311822,1.0174356538329716,-2.195862006955436,1.4204125608241729,5.652713179063063,0.4081195050066473,57.61434772369809
0.0224304112739248,0.3736412463356975,0.9364595996947038,-0.1232033460560866,2.8486242209496,-0.6812878692238371,-3.593881551204946,-6.23792083737607,91.6965281574379
0.3975175324010639,-0.2813503119947256,1.8658118077132209,-2.6307201287690143,0.8381252494657061,-5.988659312137221,2.7747002510389507,-6.1069939514464275,66.44266245455606
0.4483685322301389,0.0704524107156935,1.8398705892421665,2.6638142099271187,0.4925784468048606,0.6359242004102752,5.3826279569927085,2.406143388450392,200.0
0.3962305663306634,0.0051406446125404,3.1054282289108537,0.3931005838855141,-2.2555378577572793,-5.770405646596155,4.292754136479632,-5.125206881358219,58.78469036122465
0.2934001737266825,-0.0007888275285156,1.976548728595363,-0.8192831015372595,-2.102144985248911,-4.038906056115417,-4.806833951490338,0.2426595143194108,52.987467382679526
0.0355840084579228,-0.0635309692472499,-1.6921708553859158,-2.247882492378142,1.4507499990488286,3.7514375900833783,3.0286347526959005,-1.3235224746085272,200.0
0.2369375999769218,0.1752020188506057,0.8992716926756366,0.2159301466674059,-1.6362112551443335,-3.124186376324746,0.6315335974156842,3.625237771363045,53.60276663327222
0.1885824205848148,0.050275677928594,3.0740232295175467,-0.903285694158254,1.8438442375501165,1.0793975520451822,-1.406755081033234,0.1267453765104651,50.35151336604075
0.0338383538508427,0.0687503149267318,2.0893842323408727,-2.710449726356798,0.9236457478469964,-5.642808109628267,-4.8622787355683625,1.5876655090853031,39.766276214157706
0.2673419468388486,-0.2484662932814879,-0.9791145016619276,-2.4271779902004513,1.2005377155753785,2.2655357794177853,5.807024616263833,2.365511249468744,59.56608177299747
0.4589328616461683,0.2421946872499494,0.517583383387271,0.260757715409071,-2.520263626597476,-4.114728059354345,1.3018294056671422,-1.518674138178147,104.18488666976658
0.0589774946436767,0.247425765147268,-0.8093085806651112,-2.694499367728552,-2.479608914441157,-5.5414291734466525,-3.5536506825460017,0.6740569224029827,87.95176009226547
0.2516358906627994,-0.2398604691438776,-2.345281840301519,-0.1675261615562826,0.7603757002310068,-0.1374518649907967,0.1009102456346777,5.277194600858444,58.74085573374773
0.4191983588107281,0.1980465200125996,-0.6515975930831379,0.4435133759095779,1.4238365640284671,-0.7880013442922547,-5.690432081445072,2.0825383002634172,99.46808170499688
0.4348003420815926,-0.1516850165002529,1.8258502626326516,1.3587146260447929,0.903583834085464,-5.875299334626905,-6.1006963479890235,0.1084568010606155,200.0
0.2672131530053241,-0.3111812864484648,2.965370450993605,-1.6489710337647856,1.6432634624743008,-1.0583530277071311,-0.6063036823908758,4.018385067113696,60.77376408459136
0.4866355692290415,-0.3661984413757009,1.5167062154515634,0.9465580241578556,0.2402190967618724,-1.4546746083104782,-0.0177639533559572,-2.8593966576642744,76.28534917561744
0.4665094435360751,-0.2929216065870077,-2.181083901294135,1.309463056562901,-0.2177439119744968,1.694213370030866,1.4158678230159645,2.745931561482019,71.73736578807618
0.0712840181056805,0.1624663274640113,-1.067973437921386,1.2061833134922573,-0.9384880878182104,4.086202999858594,4.352736943494913,1.6927812874205364,47.517506944796914
0.1334796040078654,-0.0736499096872042,-0.863368983700596,-1.9978795868430237,-2.7238046785881407,1.5295500283239294,-0.6140874874459668,-5.4398156978783305,92.16304171874778
0.3149606527115512,0.0788672151410964,0.1511810017064219,-2.449101551673639,-0.2105139212685447,0.0681653589377484,-4.783872045058409,-3.1299810610345893,55.03949446179232
0.4986198362951661,0.3796012650157321,2.478224285426693,-0.060091412384851,1.4573165845699003,-4.949734929964414,-0.917827321103644,2.4796850543742455,107.62356383405572
0.1544179497672957,0.2743958598805041,1.8529398295991673,-1.3694312849273955,-2.8642841162729176,1.587710684868049,-3.340550396165629,3.142215817323935,89.64441220885084
0.2805492760079139,0.2932788203517752,-2.6712818315503712,-0.353778491075563,2.243568535939132,4.057960321802714,4.191990600725632,-5.3026246268717685,96.64165577998293
0.2393421142040908,0.0766232800130627,0.2483418916293889,-3.069608394699316,1.6941935400818542,3.044807260968554,-0.0731386608845454,-4.409514750774477,49.4315115742576
0.0857684713206099,-0.3918490763793661,0.3153579728012583,1.2731278663645886,1.0748411030428189,0.3456691805240144,-1.0022446129371645,2.5683928647902174,200.0
0.2754078650764417,0.0704805479786682,-2.5467683942765063,3.0027399524484437,-3.0152406534326963,1.9967024244004428,2.6740305406920957,-1.21790691308669,51.19845246891987
0.3555784934898818,0.3683264424928401,1.478740060155669,1.8522905550071256,-1.7814185058545826,1.3504919872097858,-3.562723784250704,1.7613212702230747,102.9101385221892
0.424390370504121,-0.0917737954505649,-1.7789545151145247,2.533618965365676,-1.4544640591168114,-2.5393563081203796,6.095631502038232,5.614845364211304,200.0
0.4217586791432374,-0.3010128494037535,1.7802526536430552,-0.5260405702728628,-0.4827386439879846,-2.7501716768182356,-2.665077730638327,-3.744208442618105,68.48351394027148
0.1640987781048975,-0.3550245235463938,-0.6361446684946626,0.0511480619614097,3.107854739128882,-3.866332320139795,2.4153160638034663,-2.9634514595207997,57.60293297237777
0.1559366523451598,0.3460089473108506,0.347574864288743,2.1522220590346306,2.9287089818564347,0.6500057035494882,4.410059714941644,5.356540802616307,200.0
0.2112090664386198,-0.3112423305239793,-0.1130382327302363,-1.2771336485581388,2.2825464888439084,5.603207748569105,-5.704320977493358,-0.4459061370627761,57.56421130358694
0.1075647029111542,-0.0156391497957589,-2.6437228717791017,-1.1055704675227314,-2.4505659044616843,-1.126506536767117,-5.595333438040877,2.2222665144668436,89.11437399422006
0.4588334149114973,0.3080061406114119,-0.0021698625530852,-2.4788172655955942,1.976339225086548,0.4763855129708032,-3.8957543581764584,1.780690407964462,107.08147481430458
0.3981349249493925,-0.1495675395893654,1.4263554462502182,-1.044168518537823,1.7066692361752969,0.9860494239421592,4.382875131643042,-3.0149571180826373,60.30205420964618
0.3821022505010951,-0.168653407304162,-0.1549436510845643,2.3741636079275104,1.1559573211277678,4.125016039610811,1.3810577710753478,1.420053712189457,200.0
0.4671974162015864,-0.2223831582929835,2.060049913735882,0.7628346794405774,2.297647055999583,6.043093454550185,-2.73949397701297,5.055390134638632,200.0
0.0989447850028483,-0.0849434585731614,2.9484167305369153,-2.0677344763293135,-1.215363208254811,5.140036703093614,-1.483177180484926,0.3151963379713711,90.57870876376722
0.1309969341178037,0.0012220506101948,0.1173446754864024,2.933373070709261,-0.3958196398298397,6.131010196483697,-0.988358681738064,-4.877373732820653,200.0
0.3110423386068977,0.0628364223688737,1.9118888818215949,0.4893248858964547,2.0331587854070525,0.6905425946757822,4.302529798001554,0.1263303225808627,53.45366386026138
0.2623621264720887,0.0146017334275415,1.8247351455873444,-0.2209477605939382,-1.9317868489777157,2.217672412507186,5.025467642986447,-4.550136116146813,53.10397572078315
0.1246878645233895,-0.0801890723470298,-2.2203323253592595,1.6657034535675797,1.600968821984532,-0.3827488285577178,5.393653236456531,5.055259710664112,200.0
0.4091213617812073,0.1292257423644297,2.88059294248598,1.6657121050964765,2.2550990524745824,-0.1656123004679361,5.516899480410087,3.644831983264586,200.0
0.2523627904832635,0.2969537766440004,-2.253491735749062,-0.5968969835190121,0.405679652939539,4.040177441829469,4.1120029153652435,-1.632156789256391,97.59034789337336
0.277799884856475,-0.0473546324150833,-1.496828616308774,-2.26953667953106,0.2203631853340462,2.4224494561568406,2.6738837041354486,3.815343465335919,96.97392848179794
0.3681182404470592,-0.0402773279555044,-2.2039325079129193,0.2448301574595626,-0.605611488864175,-6.096014893275456,5.1957657975030695,1.408227166936035,101.4554599616539
0.4190199722643153,0.0027303304124662,-2.428705249218664,-1.3882794047297524,1.032879362242202,5.317333206272101,1.5425293557659794,5.177103887958305,60.42318362278897
0.4437423196848874,-0.1884639637209305,-2.0040701694315715,1.055408615319923,1.6590565818889091,0.6933359927178673,3.7504534883528873,5.9039460384975175,200.0
0.0851812053844938,-0.0173349961764077,-2.4909447763741537,-1.0621360864733371,-2.605027973162908,3.2388176203039745,1.0423273807690654,2.626000846498826,87.57283939474247
0.2594191530513033,-0.3833740305651364,-1.8348120675634385,-0.2665837671455469,-2.0623451695923736,4.0947341954796475,-6.123196132489619,-2.1722143357673973,63.32856639423691
0.252246243804668,-0.0397905711766163,-1.6289513840047862,2.8381546661585935,0.8677491247333862,-4.711689057970753,5.76337604006507,-5.695594036694567,200.0
0.3427421354600481,0.389357543910756,1.1533438796142548,0.1183990101691661,-2.0327337519413806,0.8684699284942834,2.9764169354024883,-5.03978850935821,105.76030349976403
0.399466451326383,0.0907263525671243,-2.7166971177263193,1.8722025180924649,0.6718711486586959,4.002838260468154,-3.770873914679896,-2.2698870552080583,200.0
0.4564412784135617,0.3498791958648983,2.9632204939218214,-2.99789536913783,-0.450943146981603,5.790659590801866,1.9993862582067337,-0.3909881907185335,108.01137931182518
0.071932342860879,0.0045927539206319,1.7336647003796717,0.5169518550910683,-0.6304645182194606,6.281484045106758,-4.6506718577661035,4.6338119262952855,44.70214999119633
0.0884570542771026,-0.1871646044082355,2.3974571581800923,-1.2816085732982705,-1.8217484850745629,-3.3380009123418555,5.808329019285866,5.5721105625421785,90.78350750465556
0.3672908189009881,0.0423564850812564,3.049075102858353,0.9676306341590176,-0.1063159869876337,4.601227196899487,1.3523707415588877,0.1733913901466204,57.901352686152826
0.3287089214614722,-0.1930307920161285,-2.6150005295738445,1.344654935155572,0.1307791222661349,-0.5795071805513166,4.552451156098371,4.276970224628393,103.84734389712634
0.1452890557454114,-0.0420290118037011,1.2027959268926312,0.3557563938418715,1.4969825114049042,-5.476359841671844,2.9641449748472475,-3.0229698021081925,92.21336694773971
0.0640047442072563,-0.1210737599933437,0.949293286761578,0.3105190061125973,-3.0307852183941435,-1.6382144891895232,-4.274772893792588,1.6615742836819356,87.89983618413726
0.1225872518631403,-0.2045165895043415,0.8723727635868093,-0.809019815908647,1.2542278073807749,-0.9028765336134006,-0.9695642453781232,-1.5714514404595743,50.96484121950863
0.2634655311230342,0.3800916885185632,-0.7783219369515075,-2.80576390115048,-2.088641174992649,-1.4147530244065043,4.575972222140072,-1.3398396489068451,99.73494358330672
0.4126821822829653,-0.1850566072955008,1.416481909884019,-2.046099845956232,2.193046220343982,1.8466284593446805,0.1634917307781718,6.193587630210837,64.53294329616986
0.3277606907235769,0.3860756615016555,0.8069360144922753,2.783288074269276,1.197481639159939,0.5617809393428743,-1.607899694561132,-1.2768133894497762,200.0
0.2159889189778071,-0.2753291667669998,0.2172301618400807,3.1278598421209933,1.0576303915070664,-5.812985196876495,-3.073661513925453,4.44228931347595,200.0
0.2893754224216384,-0.3138892016484415,0.0849664782758914,-1.7778521631027386,2.7663611009363596,2.217461755670536,0.1239579607660745,2.868822140464692,62.06238474850327
0.2550681451365111,-0.103564249802721,1.0218400835979704,-1.3767860035379034,0.957730460016605,3.7763516147966705,3.7675288983656983,-3.386407870387884,95.51181677739376
0.2353724958548764,0.3371940977195158,-2.2453844293147363,-1.9925665819393543,-2.2015538474778236,-6.004841833905865,-2.4899083452028536,-0.7143912926243248,96.32363074121216
0.4839605138488627,-0.1868451412159532,2.466072814053729,-0.0325889575121456,-1.6572801302244882,-1.676943648771541,2.746863017046545,-1.6959167873608232,67.74866158090254
0.2141371626125122,-0.0637707424077316,0.8770977325494584,2.5412417550422264,-3.1160198774950127,0.7041529438026402,4.663302713675886,-4.603908251653878,91.95904705147493
0.0174419374586756,0.3666805152791682,1.8535324530128456,1.6046093204801473,-2.680873314981148,0.8675182903303824,0.9464246454853652,-3.56464266018229,90.8981837122264
0.423020233369393,0.0892642139883974,1.4714586716316918,2.8489905575091132,0.65898259985905,3.3543026485054757,-3.3703868736583464,-3.957504314719441,200.0
0.0651491798501596,0.0277755308892375,-2.2487056157028262,-1.6892427467843023,0.5003909095446297,3.2310585361843263,5.692122976125365,4.718597732415747,43.861964899200395
0.3852717861694467,0.1235142533364318,1.1120841077761623,0.5536916704302528,-3.134732441501002,3.584352368790112,-1.6767892804779445,3.719633739525929,63.17274654449167
0.4940376328048532,-0.1321960445681959,2.713604982644391,1.7052166381646767,-1.4192688421840995,-2.3645103200993542,4.4284023017714915,-4.481801661591026,65.67289852096556
0.4012638101644957,-0.2166630439380329,-1.4303507622460498,1.255095514778655,2.4674246813897778,3.193691370086837,5.037960972166314,5.039125666269397,200.0
0.2658121578894249,0.0797901263595524,-1.2408374132759965,-0.3818103245140394,-2.2413375290487494,1.4698151907899115,6.082799144555885,-4.3766940854104455,51.72634321182336
0.3407970515157608,0.08116514455942,0.9799247502541596,2.0835375546223665,1.5216274026768255,-2.8036525888028843,-0.6230839604641201,0.9951807058414496,200.0
0.1233316904476863,0.021212454903815,-0.2794658883300087,1.4819966888406606,-2.7736273149581847,-3.600758846620663,-5.626767806475485,-4.3927069005889345,46.644550688065415
0.3300252708373705,-0.1881367280105137,-0.5053643404488817,2.885037579591888,-0.9002206069451661,-2.143839826093222,2.015781577598501,-3.371885850780554,200.0
0.479705178678727,0.0607317671553112,2.2996410621137784,1.0273550076668068,-2.9619067057547386,5.039866141146366,-6.027540352675644,2.6034334525569705,66.12560714486034
0.2706209180608906,0.0956696097672577,1.3542243059014591,-0.7914393304251233,-2.5927201150981185,1.9173535106009805,4.603112168163857,2.1680456933022203,54.95913999946213
0.2130409672543696,0.0202776143087894,0.7076907603762863,0.1140045956386606,-3.0477983767253822,-4.1449492688444805,-5.344187127343822,-2.65149492360697,48.403883154456615
0.1595723622226816,-0.2093610363942019,2.524710808300939,1.5482314142933076,-3.0782811914798276,-3.821014668093696,5.63692847643998,0.5974284901697979,50.522980510605336
0.2576026412652807,0.0187567983529883,2.9572997621352535,2.7274876675134747,1.1147519391683982,0.5279559506915614,3.5237675959809014,-2.988506721822334,200.0
0.3588943555102419,-0.0496840483710826,-2.5439038299712458,-1.3630981131918682,1.5592876383247465,-1.7907593166264857,2.823429314424052,0.7435220064579173,100.4328012416672
0.4943036058620212,-0.0792355403025628,1.1745794810113033,-0.646059891625832,-2.5875186581482614,4.370674889111481,-6.156501976645447,3.1893608197855308,67.650409579133
0.3835732149412155,-0.1347803307771751,-1.6976590119376946,0.8359124223458201,-0.5587041272060227,4.25879678056851,2.96818952838424,0.3088564293642939,105.31120430524624
0.1661431373391574,0.3003512953692118,-0.3597654653116513,0.7061414573302747,-0.7214904707467045,3.2313650707586525,3.4656737472988723,1.411604047397919,91.50699992347552
0.2210935339678056,0.2736520087306211,1.8782264925733845,-1.6884982798108077,2.6009655950736272,4.240155698551403,4.168257293626221,1.8386730828009965,94.64910133695426
0.3790363932175614,0.2006060979724664,-2.342224603648677,-0.8125564157866951,1.99305186806233,4.132428911733344,0.2665562991470516,-2.671440097721182,97.75941886334331
0.4445570676935343,-0.3053822760878384,-2.7648825484131683,1.638755360940646,1.1117082851354372,1.916243416631792,4.68089731216358,-0.7858136371286051,200.0
0.3029518292702662,0.2717004483015189,1.3323498462461378,3.054311194437888,1.85387987020352,-3.157274125288761,-3.8646628463998263,5.765358174089645,200.0
0.4244888923675802,0.3518871965461904,-1.6470922930491627,1.280410354374478,-2.546857327379748,5.6294958352792115,0.2995321763704952,-1.2431473192098563,104.7978024518475
0.3901538928936664,0.3394915727473004,1.1335067349466073,-2.2935347102716204,-2.937582735497154,5.82126463474726,2.4592295810258467,-0.1757326333485469,103.724631045409
0.1459073563434326,-0.0748484410896052,-1.292634337422622,1.4636204137393634,-1.1828382069561598,-3.839198088262906,-3.5427114702090106,-0.9656429691968372,93.04975438438518
0.4627592576960488,0.117413128290107,-1.1442450081519078,-0.7629709845679482,2.283800274763599,-1.1074600024012753,-2.58891647346575,2.345774284391746,98.8633126144766
0.1941913364902414,0.2159097495417007,-1.6844237763178465,0.481887181741083,2.078211615869783,4.176308704394955,-5.37457708206521,-6.266791879530198,90.30197810547858
0.0186601119851801,0.2567129319160202,0.486184348856236,-1.329051413623157,0.6627876738562488,-1.8682943643989336,6.119133768227325,-1.2927530264721954,87.43097202299339
0.2733362181079906,0.2247210723820145,-1.6237754078251732,0.4738144405740168,-0.8945076155655984,-0.2307818256161606,1.956266647281787,0.9111827669434884,92.52983321921764
0.2073820559156176,-0.1583051707253058,-0.9511900200486024,-0.9109943560203208,-1.7566573459039123,2.1903414387865876,-0.9253375003070508,-1.8578528445598,94.90070079638912
0.207115765321933,-0.0568748839668756,-1.334995510571719,-0.6801560938132494,0.6979473384004091,4.922886144377319,-2.642015935324487,-3.868654959940821,90.73649059145608
0.0791209576187469,-0.3743204032213134,2.5076829967424787,1.1922306837857055,-2.6490445595418923,2.8149375925677855,-1.840960185207659,0.8612954621385418,53.49770803862348
0.1716679604605273,-0.0231533220498155,2.492299016516821,2.0498551648071253,-0.7546962260651355,-1.365761173572385,-4.40105072778822,0.851499453958473,200.0
0.0571902104037581,0.3042541711621644,2.2972256092769134,2.030947129323371,-2.9649109688686934,-2.5196191088070377,-3.4306575412406466,-1.118818972969823,89.21729344423291
0.4747806879066944,0.2220283660082438,0.1788029071160295,3.100698149168598,-2.756512785584605,-0.5907271694836922,-1.868486213903366,4.026957988821607,200.0
0.243087036050877,-0.0471280974768938,-2.204316906572578,1.8461467842833157,2.915415545332812,3.592007187329738,5.9758160863849525,-3.9666878222161337,200.0
0.313808268612905,-0.0473429024043098,-2.9115238598144235,1.7544040767457627,-2.0430608883909063,5.343141826270983,-3.4615438531082092,-3.0037291377150845,97.05389470239984
0.4850949606777608,-0.1567765943249814,2.185399170007887,1.5112116660102446,2.299608452488211,-5.380148213052748,-0.3432728543818477,-1.4339621435556609,200.0
0.3287585501165995,0.3265466247049134,0.6648992388034238,2.103199198052099,2.4077878345567996,-0.28449498678326,-1.032208204265335,-0.309381440333734,200.0
0.1536660047015604,-0.2513753146866108,1.559171738629769,2.80460883924008,0.0841950425865847,-2.0609488596612557,-4.852886627005451,1.7681034576454042,200.0
0.0882795759924624,0.2305103943712215,-0.3937188927626378,-1.0415466751782103,0.919653817326612,4.709871661020527,4.011183046403568,5.644499116968463,87.8180497465814
0.3387718331550501,0.3064262902121542,-0.620835127585067,1.4375502124734698,2.3212354766374874,-5.700599437603674,3.027060704599293,3.749557112917701,200.0
0.1744321550958123,-0.1427485777317357,3.0339927505236677,0.8609742242454281,-1.2144232143347462,-3.929623377045965,2.7527427307936208,-5.09387033067783,94.44741198324982
0.0604631614874939,0.0954831985411835,0.1396579119061942,-2.8606136173945487,0.1593482594465958,5.452650150009989,1.715867823434424,3.8202727334981343,42.737930292898
0.4522299140832649,-0.0192092188813763,1.4282490221308874,0.5164929562633467,2.3995993687860473,1.3403813087177454,3.893677372162488,2.5734903239031564,200.0
0.1135071362741432,-0.0475376982071497,2.2311934838534615,-0.3494930702286609,-0.79556151543076,5.553109580650943,0.2989192974346153,4.085153464867702,90.3366901241952
0.1682050708099539,-0.2205153799361356,-0.6536610274674657,-2.2406176733705383,1.4546247511952035,1.9425287613196396,2.337138094678398,-4.774186944118152,52.413596796823455
0.4987594539757822,0.2386124584492952,3.042084536926767,-2.30328600557606,-1.4844915163985457,4.42249095130571,0.8494107290392554,-4.341473251384608,103.55742365062022
0.4278049804881241,0.1411400631249229,1.790967289417685,-1.7668378259973,-1.8091176180024864,5.858541662995103,-5.4124142331957925,-0.2117378296613949,98.42857659780849
0.1756143837117261,0.2816915223171189,-1.8252878170555935,-1.4170063124190635,-2.2514516832510942,-4.486961456734649,-3.368623280263526,-6.130373613995375,90.73256905627169
0.1036522286084447,-0.3151365005858455,-1.2990328520894248,-0.3432554711240421,2.2125761998459392,3.956745606575245,4.399273457383403,-1.4948250956946003,48.890169136505776
0.2186124896936114,-0.3070213280560145,2.248815910413197,2.695378681893467,-1.6846488719221078,-3.887847541165992,-5.559821794703852,-3.568176094263715,200.0
0.4802600460307857,0.313337534295237,-2.0309720335849946,-0.6760907133340557,-2.011077814427657,-3.78856843671334,-0.1280144825458586,-5.662558524294306,104.11692053865244
0.4062714329409114,-0.1997012181113548,2.293913951643116,-1.7038965365227845,1.292094485138077,0.1131010115238471,-0.6946346145342206,1.8187187616885725,62.79712012890595
0.2629784706393847,0.3928499261814054,0.2598384413982364,-0.1851328883979062,0.1090728809496881,-4.454375390045111,4.628663373703677,-5.085560172007017,103.1649899045334
0.020957050682203,-0.065008834655979,-0.3839230809389313,3.037717138568131,-1.558401985597074,-4.781266616646725,3.633289695328422,-2.879287825687401,200.0
0.2799431364656137,-0.0614034299935292,-2.574114692779365,-2.3639713732366294,-1.725468648104631,-2.9259456105754187,3.0662524250440075,-3.6900949924312294,95.31730966862516
0.1090066095215299,-0.2475227248821208,0.774607652919522,-1.0945623236865178,-1.157811738846798,-3.9819776965648983,-5.43767453648484,-5.669687037213776,50.78642358133028
0.481886337373607,-0.3507983476632517,-1.5829411485108542,1.997726738513621,-2.469129154464564,-0.5666074221174284,-2.5979807414433806,-1.3870494825494877,74.24454064181654
0.2295333102402083,-0.0717037085100324,-2.6514300780817677,-0.4228836794726742,1.876889167227432,-0.0367255636470904,4.5225490338593755,-5.5791360588030585,93.5055742567194
0.0891215803362631,-0.3667731640366921,-2.4546069856459,-1.0904404118857531,0.8669382190177108,-5.8149884241682805,6.150392575655557,-0.8559738616622452,53.30063803971804
0.1252903900439986,-0.1151083086701918,-2.7758024079464843,-1.9139656267747225,0.3521987538919728,-5.45700892246544,0.1260378853227495,-0.5681817408249543,91.23526963708169
0.3578017270418944,0.3019174710811277,2.64950164102096,1.4050476342768992,-0.5639684482922167,1.0784914571206103,-1.2664661874509635,-5.377947748043168,102.50131008132206
0.3280973653125272,-0.0735912928756215,-2.843208099267803,-2.530402724281224,0.519968942233159,4.967353463218457,4.794909581442695,5.271593712320522,101.36860453703386
0.3343112475221326,0.2436753611251493,-0.1592340900518403,1.9321383233770597,3.0672125685316844,-0.0188244638064229,-4.758710871786352,1.8822249582786856,200.0
0.4379166931646794,0.1096635610212872,1.3893701962104776,0.9526563231338638,-3.014538650468553,-5.0817723717672845,4.934793785952836,6.25400980318836,66.40544618161829
0.4136396047629985,0.135423812391116,-0.9515271075952034,-1.8155339993768067,3.005610932942849,3.628225348293258,-2.3005303543944065,4.756068248112236,97.31244668173628
0.2451483553216678,0.0209680715198378,-0.6067154659111265,1.784175720621981,-0.2576820028474955,1.484256511968984,1.700099419184009,0.9020043362139232,200.0
0.0046161051315734,-0.0335002652710232,-2.5822028899992993,2.8893642363047327,0.503652696201013,-1.7633208642957898,2.730704611019119,5.443333164678659,200.0
0.3112545615241808,-0.1935984804338655,-0.1454108846340265,-1.669932981769466,-2.952775366002475,-4.3045364357956295,-3.2561788178653748,0.6198836355045199,57.36164148374013
0.0761112050821611,-0.2126507213519598,-2.41267313383271,-2.884297198847941,2.687682137277715,-5.553616125032796,2.8584410052897837,3.964851025138101,48.03708975851305
0.4084314334755421,-0.3122160925377741,-2.0361244295423284,-3.028509018067578,2.26515511186874,4.828813938555996,5.5428560121224955,5.474731697709247,67.48870372193932
0.352821466868887,-0.2232459020577906,2.791451812083581,-1.3789697650958894,2.3146442770254563,2.6210860432100187,2.043686464734412,4.052098652959483,62.22371206950274
0.2279311735327726,0.2289857754307459,2.130055189320082,-0.5736321931211936,0.7570683239513691,-3.1175759241985608,3.5914937774579343,-1.827383976380104,90.28087805937557
0.2550995422746119,-0.1052708314264368,3.0646704915523646,-3.0702354281056343,-1.4730711069096951,3.2251480504377597,2.2455363611595445,2.1721151094727844,95.45530235538438
0.188220128829282,-0.1174714588679508,-2.626517876697196,0.5421197828113167,-2.0494444078526204,-3.172007184439849,-4.733230302529045,-4.207186812173626,94.86477941434596
0.2376134435339178,-0.3085335572304529,1.562317799487893,-0.5480782381533507,2.1704563835096407,3.562230310014602,4.970333934256219,2.7073376531481923,58.94184980973771
0.3380384802427366,0.068170467659098,-3.126393078464916,-2.1184385625441724,-0.3192507468413206,-5.604258970526857,3.3115782698776446,-5.02007263286074,57.13521823053155
0.1584363454665466,-0.2965567611755605,1.5670201367863514,-2.246090689032304,2.1875700487416836,-4.3340329267659055,-0.0215074536203365,-3.1337941184077787,54.189810297113176
0.3859460600819367,-0.060862084896625,-0.8728540955158133,1.8753020566143803,2.797653807290577,-3.734351618759194,-3.4159557486835963,-5.251057447957641,200.0
0.2766749260303306,0.3589205072258521,-0.2020756346930357,-1.1909931510648144,-1.4963983472274294,-5.224463769293892,4.218696877078278,0.8782026364953781,102.25969775899452
0.4160089813360331,-0.1505460902678942,2.444912114462383,-2.570765854746656,-1.6403246595573804,2.8335578837628397,-2.8856454688721223,-5.830907766321563,58.24106574240243
0.4823179421946889,0.3621066122425473,1.814376446233412,-0.9284252773924452,-1.4817269134747146,1.630338062705313,-1.2711671408161944,-5.126431194569522,106.20889989083084
0.0894893380475785,0.167116516913191,-1.3501501356883745,0.6024741487521816,-0.4759017911081309,-0.1176441832362238,1.5855033239112588,-1.7232500037721552,49.20694564179247
0.3174986767286204,0.2398094322056286,-0.9161810080894964,-2.8798965669368473,-0.1135851851582558,-5.598496134720363,-0.3418572029073159,3.2613611679560908,96.88780220443576
0.1232802723628615,-0.0430522051884482,-0.9726543801269044,-2.476181277744538,-2.3048123769595255,5.308232565941221,-0.7752129390341338,-5.8192345489209005,90.4398547177735
0.2692905822927036,0.0118093206273789,-0.0787087234685306,-2.4655485466500666,3.116058075410831,2.5977720393319004,-4.023425189246749,1.7071787346412908,52.75588382526898
0.1336805099768233,-0.0847589822360357,-1.4436537441760695,-2.0256492331307,-0.0342297183377926,-0.4180413276609664,5.573492711546892,2.46204580416359,92.69129439436496
0.3803393605800454,-0.2412196525661686,-0.7236381179482683,2.17286505378474,-0.9114112251055704,1.262842189490942,-2.1091908706004956,0.8977337284758953,200.0
0.132982087025755,0.2178553623597346,-2.886714222573757,-2.1989597340314244,0.987762704837583,-0.2307559091680318,-3.612401754976428,-3.649551694176422,86.89548864925241
0.2983173697758368,0.1699366823384926,2.697321891517263,-0.6638834717376594,-0.454670273900656,-5.662204204482991,2.8284439467265123,5.929543351103391,58.23579926139682
0.3456779450165492,-0.3267607590709808,-2.356523112532072,2.5409102968800106,2.1683595853069253,-5.876234477694228,-2.6797257594494703,-5.89916229619504,200.0
0.2037860028767803,-0.3996077949523673,0.9196990401572211,-0.7514951148233417,-1.1944766139941976,0.5386922184561556,1.933983390103915,-4.376577668182181,61.65383838903803
0.3451095476119566,0.3031862409396748,-0.1577504207029956,-1.233252191054576,-1.8329442021842055,-4.36072430818047,-3.342697248297811,-4.278113632170754,102.61910748272216
0.3523181559327751,0.3584961297267693,1.2898590625135684,1.8289524765279035,2.479869159131793,-5.864215241026881,3.1982574248034776,-4.933337766995024,200.0
0.48228294520012,-0.1022929859472241,-0.8573346351592481,0.0901485025379722,-1.3269309121518853,3.667288024543476,4.235967947848279,-0.6583103377502297,63.22069376956854
0.3879613228150973,0.0428035332473873,2.3392731913165674,-1.5173893049009182,1.7316309301662365,-5.207393123202692,-0.6490627753156266,-1.2437738629083892,58.73577703301483
0.2243966319703723,-0.2929934620975343,-2.480661888036117,0.8083389904045037,2.273053061858281,4.5466062733835155,-4.698612150195144,-5.133311488992096,200.0
0.0830447947539616,0.0011147335580543,0.4096601336584191,-2.1767719784458732,0.8300640598756432,-2.0852519949881705,3.604212408804768,0.3491587713529993,45.549960458674605
0.2619980354863855,-0.0477099291925867,-1.0383148005901015,-0.924998132616348,-1.486034483680796,1.201350662166507,-3.9127896361204217,-5.6554670238468985,94.06947843097046
0.4138242664148583,0.0267466415320415,2.025770115906994,0.6037522860966145,1.6754078714678595,2.0210986129062007,1.4514854762137173,2.308614670647888,58.22859196084313
0.2077645317276027,-0.200126478860957,-1.439244177981068,-1.5044485180865883,1.5263526426557172,5.922483777781244,-5.208253667930179,2.530110284656489,54.46466890029829
0.1234779856659133,-0.3961340337155067,0.9737324312918832,-2.599092062284303,-1.183311155141166,-3.4213334585222763,-2.76217712550786,-3.413160947984356,56.14596047353493
0.4540430221743316,0.113075447657267,-0.2669197561884253,-1.6781509547766715,0.8727176012903888,-4.962690988422003,2.231879511103042,1.1400305674414015,68.7601892361466
0.0013994651323715,0.1442572756814297,-0.3106861473800726,-2.0786348135540393,-2.6302035602617844,0.8930924659315709,3.90462837139319,-2.142649116714784,43.89536472078915
0.3154793621454239,-0.162621222025598,2.984680971322339,1.7377251693716111,1.5754533933181518,-2.510767607862955,-1.0743652598011693,2.447131198609286,200.0
0.4519087001209201,-0.3913310390224155,0.8412638467689133,1.8268349947939129,-2.5442218093671,5.061757557000714,0.5536999579200259,-1.0086439536287388,74.76063914339653
0.3810416710861015,-0.0832955607287996,1.846017388063773,2.192217885047236,2.946778460413757,-1.8558070198504,-5.085813320850475,3.365331998854206,200.0
0.00944038311845,0.2096223210759574,2.1158551522308295,2.6425160377747474,-2.956146620008511,4.878767997878851,6.136520054575023,-4.729576088203685,50.146660984977835
0.2419818261666906,-0.1055488135986836,2.283612062615794,-2.620988579751833,-0.1924363582730142,-5.92391784207142,5.4152220548593295,-0.707847026149385,94.79178950090176
0.358772820046097,-0.3768982266295088,-1.8829339616592773,0.8076829716211513,-1.4477267040626371,5.10154615968068,5.581961073112618,-4.22298019813835,67.47371826932707
0.4849868610774934,0.3357400710077053,-0.2131681424864528,-1.101304899292003,0.4960850874181313,1.5363863867344376,-6.159276151109562,1.623788346001365,106.7368865278672
0.2418580600584153,0.2525037584963795,1.9696818573340051,1.3011298029119152,1.0532097988263225,5.173121258249957,0.1519989721361856,1.606101006529867,200.0
0.4534312763372757,0.3455116850492056,-0.0357701345051615,-2.267248724974233,0.8956016942163876,-0.1512843496384963,-4.10265982684327,-3.4300305929166894,107.79284202474182
0.0311651268612009,0.2414351842234626,-0.1206561365962719,-2.7833568400710327,-1.4525336298075135,5.591876860397914,-5.63817653396419,2.497058399199286,89.6988995270249
0.0346764364784775,0.2709845579230739,0.7468314680048262,1.9395589461228135,-1.9620094424434669,-2.1476986931672855,1.121567340900565,-4.754588559822652,88.02784440339002
0.3058517613152429,-0.1652624827597988,-2.525125269005031,-2.3367169933616454,-0.8791585871587584,5.625947935012766,1.5841570344976494,-4.324982331168837,100.29611104300244
0.2020387626625532,0.3930044261129956,2.1534289040743984,1.485911432321509,-0.4433731484232401,-3.7563042039660575,3.8623371670753848,0.8452348379184897,98.80301467834198
0.12809562303430194,0.0732748366499293,3.141592653589793,0.3182517248027797,0.38539021283005576,-1.6805461938552388,4.8480582809473125,-6.283185307179586,47.901147906154236
1.5316081736216347e-12,0.11173748649132033,3.141592652938,2.1713534121504554,-3.1415926534854255,2.8396275254157497,3.4376145103436024,-6.283185307179586,41.5583542102258
0.030068743705353312,0.09492239464918015,3.141592653589793,0.7225080582846493,-0.883204289564866,-6.048498919429687,-2.299585543182295,-6.283185307179586,41.5744048238653
1.6653345369377348e-16,0.0952394343508609,3.1415926535897865,-1.8168571336019754,0.14005054744260576,-6.283185307179581,6.283185307179586,6.283185307179586,44.400192010590914
0.16089850563892513,0.07183611070691608,3.141592653589793,0.49357843097046916,0.1404461982609284,3.131727519064012,3.937877939048226,-6.283185307179586,49.29905150527213
0.008923114746181238,0.10665015037383146,3.141592653589793,0.8604908865591403,-1.2521528571061937,-6.283185307179586,-1.2942307309933825,-6.283185307179586,41.29158161160673
2.6978419498391304e-14,0.11011528388981295,3.1415926535894703,2.294617642676854,-3.141592653589793,4.616255070623517,3.6991362724274808,-6.2831853071794805,41.247268193362075
0.046802631577020526,0.10027837929350267,3.141592653589793,0.812471379625316,-1.031239604190323,-4.9835752328173255,-0.7642643536026379,-6.283185307179586,42.916470686916384
0.012709567662889776,0.09046341018887433,3.141592653589793,-2.1461113941462044,0.7523815080584959,-6.283185307179586,6.283185307179586,6.283185307179585,39.74299705648741
1.546540673302843e-13,0.11043532841027884,3.141592653589793,2.3061755505813655,-3.1415926535884067,4.4415313164606784,3.5258243432548144,-6.283185307179586,41.3920406554266
0.47457680265848645,-0.21756504133740495,-1.6436434323098053,0.7381198142996034,0.48727588756929635,-0.5154314750801674,-6.283185307179586,6.283185307179586,62.840857361472864
0.02191912439380589,0.08846112027406003,3.141592653589793,-2.137213593245262,0.7646674994773522,-6.283185307179586,6.02623866535581,6.283185307179586,39.52747262039377
0.3149809434635455,0.053359393919059035,-0.16226960639098936,0.38013089477954765,1.3385716340729348,5.141153285818128,6.283185307179586,-3.6615640670609952,54.03644965241986
0.0,-0.4,3.141592653589793,0.7033239351512263,-0.3328780523628206,-6.283185307179553,6.283185307179586,-3.2443165098126823,200.0
0.34710292062748294,-0.27309794869491644,-2.780798746101951,0.6721769541521175,-0.32351648165524355,6.2831853071795845,-1.9685015347037427,2.8340675014927488,64.21708332687771
0.07777418664405258,0.08055424468141183,3.141592653589793,-2.1266293184484013,1.005732229847585,-6.283185307179586,2.135635897757674,5.745265696235966,44.115219630132664
1.1102230246251565e-16,0.09857545977956383,3.141592653589792,-1.5199899473368783,-0.9154946093649354,-6.2831853071795845,5.917891814800446,-1.268192629351696,40.34779075047084
0.11217443087550888,0.09384363320186317,3.141592653589793,0.7719194907721687,-0.8555315140510678,-6.283185307179586,-3.300661057478158,-6.283185307179586,46.88349046736664
0.06187786251653249,0.03878610450529616,0.7962409379360735,-2.167501396008932,0.6494506487850306,-5.630004487270622,6.283185307179586,0.7157884790345151,43.116886398101705
0.08859125510082752,0.10604577836632165,3.141592653589793,1.3015067487286958,-0.12303006142745557,-6.283185307179586,6.283185307179586,-2.5813873601795465,45.347093504171774
0.08172471631485778,0.07532975439931536,3.141592653589793,-2.074725575096892,0.8359839140333291,-6.283185307179586,4.313887184050144,3.7643490389795975,44.02535325169255
1.7208456881689926e-15,0.09644266453017417,3.141592653589793,-1.5169940538462205,-0.9857255815909505,-6.283185307179586,5.900760420820963,-1.9002266317991976,41.17220671723703
0.052051135842575036,0.10926871592769398,3.141592653589793,0.9836702211886933,-0.9710363902953977,-6.283185307179586,3.747145536519782,-6.283185307179586,43.550698220447515
0.24999511977914693,0.06014330442057212,3.141592653589793,0.4235095867609371,0.6773168924581385,0.9084948177604131,4.900252881440745,-6.283185307179586,55.31333480068383
0.07829819551730041,0.07648472348378632,2.462090151140389,-2.22099779586423,0.9324605954017521,-6.283185307179586,3.1077572774114235,4.2262775413584395,44.53510108368162
2.80947487496519e-12,0.11123898320360272,3.141592653578574,2.389297441224817,-3.1415926535658105,3.7077906368872675,2.8148038597736953,-6.283185307179586,41.678922990734705
0.0,0.0955122414091418,3.141592653589793,-1.4980303741364354,-0.9903712643610214,-6.283185307179586,4.918013392275562,-1.5049242139373997,41.360347270162556
0.11056121799826335,-0.34814026368813944,1.1099837625730957,0.16109702769664755,1.8253286683368941,-3.6894565544741473,4.780308185355474,6.2831853071795845,51.95110731026012
0.025914578866168325,0.040656164724473795,3.141592653589793,-1.1512483556672746,-2.029255172453202,2.106857292341271,6.283185307179586,-3.829655961049355,42.05578802816928
0.3426773839665903,0.009958043422254707,-2.147098897861316,0.5413557478572643,1.1739608806132344,1.7774029513604233,6.283185307179586,-6.283185307179586,55.14561203368869
0.0,0.0860945675416232,3.141592653589793,-1.2283979604952007,-1.6104694231072147,-6.283185307179586,2.1802399583609504,-4.821171330448066,40.404660711386555
0.0,0.09664937947996038,0.6441250687227984,0.6554563363212192,-0.40068298258244855,-2.65669435911978,6.260996388354994,0.433978816576111,40.3330816874203
0.18522642587839733,0.0174928801958319,-2.0404920134539397,-2.0213941284916523,2.356535776004791,-4.698826037450287,-6.283185307179586,6.283185307179586,49.002954611881464
0.0,0.08497316771215774,3.141592653589792,-1.2514067336511254,-1.5820675339350174,-6.283185307179584,2.697299321771357,-4.289644312619842,44.4988546001716
0.10113036359039204,0.06787103119179787,1.4521582710778231,-1.8426118435955512,0.8805545196447606,-6.283185307179586,3.786722366903653,3.687411448396103,45.79289066120904
2.0539125955565396e-15,0.11195194594303019,2.3406826991215386,-0.8398891208772934,-1.7164483100859664,-6.283185307179567,-6.2831853071795365,-6.283185307179468,41.36618444766559
0.053483889893166964,0.10572498338381689,3.141592653589793,0.9901631071834961,-0.7216202043846565,-6.283185307179586,2.9276529605629227,-5.1201590592876896,43.284649864024914
0.029969418590748004,0.10271412895140537,3.141592653589793,2.468250996560409,-3.141592653589793,4.234017702736338,1.7353300247770986,-6.283185307179563,42.036388160968684
0.1073881610616679,0.0709402865431365,1.3251818177539016,-2.3889221643252716,1.54781132533195,-6.283185307179586,-1.7888227750911598,3.8045598632185924,45.410389083388324
0.032857996433634934,0.07592214126609703,2.782702318182661,-2.157970860273218,0.13911710999103255,-6.283185307179586,6.283185307179586,1.5873284769705076,44.2675655789684
0.0,0.08285649570788439,3.14159265358979,-1.1422050150491372,-1.6452796428725878,-6.283185307179585,-0.16124951321840564,-4.184316158297433,40.68195533656831
0.0,0.1334562758085295,-0.15322426583999937,-1.5166406010097062,-0.9869058335851758,-6.283185307179586,1.7359922359496558,-6.283185307179581,43.08703404502473
0.14249658682194,0.017030661521958763,1.88480501266731,-2.0735555309493785,0.8846641967754533,-0.3363825118673036,0.1396637236363088,3.0812555624226734,47.55823974661375
0.2318595570752624,-0.271694408503824,-0.6248019633996438,0.5941005061100124,0.3531691584950724,3.461334494290228,2.1284492050417403,1.5589059309346054,57.4697671051846
2.220446049250313e-16,0.0949761190618425,1.9081450648356042,-1.1239100228863923,-1.9716142887085328,-6.283185307179585,-4.866465825443197,-6.283185307179569,40.41519013697274
1.1102230246251565e-16,0.14010571649053868,-0.014189288929520483,0.6600201829532806,-1.1087130659960533,0.05074327179361926,-0.4423675091721354,1.9930850283123593,43.33909437341933
0.0513602416303148,0.03211067756832677,3.141592653589793,0.65850712208966,-0.8660533902687635,-0.29255933721138727,-6.283185307179586,-4.428363947059816,42.45583793935605
0.1398590422135047,-0.2375631573335246,-2.0264232468237604,-0.8293239824970727,1.6233589231446897,6.283185307179586,-4.802603994580879,-0.5625143335321294,50.65471233578502
0.49999999999999856,-0.18866793490666234,-0.8928081795836103,0.9140724666033494,0.42563289621325184,-4.303089708398,-6.283185307179576,5.059193470385169,69.53576100789655
0.0,0.076629307366413,3.141592653589792,-1.0819041263718558,-1.7676119351147337,-6.283185307179586,-4.220264511803005,-4.905393655432445,40.138289008038505
0.0,0.07583796775729448,3.141592653589793,-1.0857680409263397,-1.7740163972285798,-6.2831853071795845,-4.35540963732453,-4.948423489474096,40.12228080005209
0.0,0.11360084466278186,3.141592653589525,-1.0596970092588411,-1.0443744584402956,-5.861914762111725,4.502063107487623,-6.283185307177277,42.00546772793056
0.28999763221524566,0.012527684936538965,-2.982491363887897,-2.5200122657583157,2.4609895004881626,-6.283185307179586,-3.7526836045376637,3.199804347603097,52.424954337928575
0.0,0.07639755109911334,1.4623218015373016,-1.8816929680540833,0.5219244490207735,0.1411323807915157,6.283185307179585,6.283185307179586,40.35129113199265
0.15472180529298002,-0.20068708437945684,2.2171466130495574,-0.355554406690673,1.6422332319992896,-0.7782373716949882,3.7654773442091005,-0.9242222079689256,51.043856135750644
2.7755575615628914e-17,0.040348735058230174,0.5675619000524122,-1.277984327976343,-2.0864664588519712,-2.2879561670578723,2.5913444592762755,-6.283185307179585,39.45449119242299
0.0,0.1010327996277462,3.1415926535897927,-1.0937668797730766,-1.7305167462579893,-6.283185307179586,3.3090639672092736,-6.283185307179586,41.285253820704014
0.14930702232671722,-0.27597717187692794,-1.5214964079091318,0.9699843254435191,0.41226902143020144,6.283185307179586,-1.939861152070673,4.1840487707070455,52.27029408462978
0.4037057770187072,-0.32768916337494053,1.165615482912865,0.6667547062912702,-0.2974827489259709,6.283185307179586,6.283185307179586,1.8822326776549043,68.75954958421127
0.15796687722444253,0.11034692822280734,3.141592653589793,1.3308474518233357,-0.1326299021784724,-1.8128694702984516,2.8432065608927624,-6.283185307179586,49.27285117150073
-2.7755575615628914e-17,0.07841758311112691,1.4023611830808993,-1.0385351259142912,-1.7969235064621958,-6.283185307179586,-6.2831853071795845,-6.283185307179586,44.541403092638475
0.11372807072696936,0.08947331354839198,2.7787227958891174,1.2189256458570212,0.19027763866203334,-6.283185307179586,6.283185307179586,6.283185307179586,45.88725260471939
0.040110738774187665,0.03380709486016466,3.141592653589793,-1.3159777442353005,-1.8438310995210752,-2.0069882507371086,-6.283185307179586,3.448268667215226,42.16844873933762
0.0,0.12035165160836639,0.11705792327356762,0.9167252460030905,-0.5121001276595375,-6.283185307179586,6.2831853071794885,1.552342192753189,42.11410340261649
-2.7755575615628914e-17,0.03418260861622185,0.9015840318714594,-1.3960681683682024,-2.075588309191578,-5.898373772717176,-6.2831853071795845,-3.7940901522511643,39.43338434784927
0.058289550710197396,-0.24953191494810334,1.6088246916734878,1.2747691330227873,-1.8164618321696913,2.0594488375692506,-1.4841683230105216,-6.283185307179586,48.05849007051421
1.6653345369377348e-16,0.08757816087513981,3.141592653589793,-1.1871829476853883,-2.0279245519454063,-6.283185307179586,-6.283185307179586,-6.283185307179584,44.31719212967249
0.07731451784866905,0.08915418466180403,1.222937845120397,2.3194746286189205,-2.909038000700178,6.283185307179586,2.4320917757222653,-6.283185307179586,43.93601250787119
0.07568065552328965,0.1326556688375853,-1.3611396014217003,-2.5093808403038085,-0.5542755146761561,-1.4155123225602873,6.2831853071795845,0.017781281862051912,45.846813687676786
-2.7755575615628914e-17,0.10384605717733432,2.9080539818874698,-1.4670095284878928,-0.7287854456065337,-6.283185307179586,3.162720107456149,-3.5137276112585933,41.143490115804525
0.006604385238218519,0.03036866758012815,0.7558390369133895,-1.3232543611883743,-2.040764758663545,-1.7526721647790293,0.1842209029375455,-2.700324288686722,40.394429705060325
8.326672684688674e-17,0.08613878417966632,-1.0040329180936176,-1.4356362349835672,-2.2778144719310562,-6.283185307179577,-6.283185307179569,-6.283185307179586,39.8633330583752
0.0,0.04344989807322916,0.0947224016047789,-1.3624084848513094,-2.16538093772329,-6.283185307179586,-6.283185307179586,-6.283185307179586,39.49563212575038
0.0,0.0929796937642469,3.141592653589793,-2.10568974538816,0.7463741058881881,-2.91983456450661,6.283185307179586,6.283185307179586,39.896195438574
2.7755575615628914e-17,0.08224020761797281,2.7463556254628636,-2.6637845220409186,0.8239594571249382,-6.283185307179586,1.3756969160958663,6.283185307179586,40.8941034809756
0.0,0.03968763380638863,0.37515447042567784,-1.3470337224943911,-2.1246285657246653,-6.2831853071795845,-6.283185307179586,-6.283185307179585,40.19200407257256
2.7755575615628914e-17,0.09088941253568979,3.141592653589793,-2.1391001882769247,0.7308286679216474,-6.283185307179586,6.283185307179586,6.283185307179586,43.918091512621956
0.06542786758730876,0.10829378128917262,3.1250434263031344,-2.0123701059614545,0.8228097635732202,6.283185307179583,6.283185307179586,6.283185307179585,44.420792710573565
0.043213189715653605,0.07118206573424045,1.9617363323982642,-2.7580434452943554,0.9504368371554691,4.572557640669355,-1.1818066724468674,3.2267938149701085,41.79423463435501
0.019238751715519697,0.06054186894617487,2.2283215741488136,-2.6366681143183888,0.8492693274548127,-6.283185307179586,-6.283185307179586,-3.9801505293621884,40.45861576847486
0.03048672240532277,0.06180273364593553,-0.08280184144676883,-1.713065565161883,0.38174040547543114,2.00692093232318,6.283185307179586,6.283185307179586,41.64988448783005
0.0,0.03786500484488308,0.15838243790357315,-1.368801923822927,-2.090475039017546,-6.265519920247383,3.119336671205387,-5.390083725563648,40.838714864416495
8.881784197001252e-16,0.03302355552067115,0.9584508276848767,-1.284021532690654,-2.1157042514099333,0.044707549027011906,-6.283185307179586,-4.238570955773592,39.45743298333985
0.0,0.09498256531491801,-1.274443755658948,-1.3910576117130653,-2.31421037847939,-2.581878707400354,-6.283185307179586,-4.772365405422068,44.38300595985518
5.273559366969494e-16,0.07579970556801238,-0.5039589809851244,-1.6186913926872533,-2.218420086356426,-6.283185307179572,-6.283185307179586,-6.28318530717958,44.245275526185225
2.7755575615628914e-17,0.06700112836732937,-0.32361827677024285,-1.3409829830219624,-2.238890798226604,-6.283185307179586,-6.283185307179586,-6.283185307179586,39.17274166586367
0.0025110612276549316,0.032645214131143095,1.0645985637149495,-1.287132258824354,-2.10044565332142,-6.283185307179586,-6.283185307179586,-5.830370883011564,40.748831096454886
2.7755575615628914e-17,0.06580026237025403,-0.39565059890361404,-1.3508640965497478,-2.214307609949653,2.337554128721546,-6.283185307179586,-3.520906241580219,39.933402686004015
2.7755575615628914e-17,0.06689982788314816,-0.34220837703886764,-1.3520345984535134,-2.239251985498266,-6.283185307179585,-6.283185307179586,-6.283185307179586,43.756663848562745
4.996003610813204e-16,0.08850653332998663,3.1415926535897842,-1.0278238697611999,-1.7411880967657467,6.283185307179581,-6.283185307179568,4.436825062334275,39.705297987147496
0.0,0.08981967098239395,3.141592653589793,-1.0111986075724637,-1.7435681239207164,6.283185307179569,-6.283185307179586,6.283185307179582,44.36781593604684
9.992007221626409e-16,0.0336457179112374,1.1189289527040422,-1.3120334863880614,-2.0323541392283033,6.283185307179586,-6.283185307179586,-5.941767956361689,39.090152194286716
0.0,0.033101090654928056,1.1801348559613611,-1.308817002238223,-2.0180356688363936,6.2831853071794805,-6.283185307179586,-6.283185307179586,40.25594190542768
0.04544905336851357,0.018363561642040293,0.6596903049360857,-2.226739271777079,0.6820665516589584,-6.283185307179586,2.443858905309039,-0.7430616701142992,42.97210464831916
0.21851116485883368,-0.2362001522959014,-2.661511683003049,-1.6670948867733228,1.718148425117189,3.9899479917645087,-6.283185307179585,-0.824389168254121,56.28297090409977
2.7755575615628914e-17,0.036258759894775894,0.7991442341393296,-1.3265798954886023,-2.0913436151031592,6.283185307179586,-6.283185307179585,-0.756872728099585,39.49286634820634
5.551115123125783e-17,0.03646040061146254,0.8164699181178459,-1.3278104903225412,-2.0957923927029443,6.283185307179586,-6.283185307179586,-0.1167089024242956,38.87495816013479
1.942890293094024e-16,0.03781186255130966,0.6536225485777406,-1.336263672666335,-2.1229172370855927,6.283185307179585,-6.28318530717958,6.283185307179586,40.14801559296345
0.0,0.035858130177538285,1.0652128040469682,-1.3253216233236904,-2.0831836743365435,6.283185307179586,-6.283185307179586,-6.283185307179586,39.87859391524797
3.608224830031759e-16,0.038138930699775565,0.3652130890099208,-1.3243768226664718,-2.070803279029583,6.283185307179586,-6.283185307179586,-6.283185307176945,40.4588810507387
0.0,0.03345568924601647,3.1415926535897434,-1.3195943391648504,-2.0700954396542928,6.283185307179555,-6.283185307179586,2.266671586980517,40.40608527185829
0.0,0.035950770671123726,-3.141592653589793,-1.3277448134898464,-2.102535792758323,6.283185307179586,-6.283185307179586,-6.283185307179579,40.4437411551942
5.551115123125783e-17,0.033997442227439174,3.141592653589793,-1.3143320035490704,-2.0608659516105456,6.283185307179553,-6.283185307179583,-2.8324152654248183,39.53378755252634
0.0,0.033729872247841165,3.141592653589793,-1.3138347281568534,-2.0586906945083245,6.2831853071795845,-6.283185307179582,-3.6495206821400177,39.81743177406031
0.0033834019123875347,0.08548367209439818,1.9907245841861791,-1.9775928498838025,0.8002708831786668,1.459176190244412,6.283185307179586,6.283185307179586,39.88977015702706
1.2212453270876722e-15,0.03396302745683724,3.14159265358978,-1.3149903522562694,-2.063816509635487,6.283185307179535,-6.283185307179545,-3.1034529791242567,40.223038432047574
0.004117133987304539,0.08563957263100473,1.976272888253285,-1.9794983271691509,0.8013501927265654,1.237672600058056,6.283185307179586,6.283185307179585,40.05355232894496
5.551115123125783e-17,0.09394069790810762,3.1154340349283416,0.6936584628709217,-0.6324884054219322,-6.283185307179585,5.315338383549397,-0.4336789154231891,40.1491055153513
1.3877787807814457e-16,0.034622846317427916,3.141592653589793,-1.3164827556550498,-2.0726169956007947,6.283185307179586,-6.283185307179586,-1.1234385497966666,39.81367173187762
0.0,0.034766474752533784,3.141592653589793,-1.3169790675810953,-2.07496751855649,6.28318530717958,-6.283185307179586,-1.0264482981002037,39.42735700165731
0.0,0.03598440564586253,3.141592653589496,-1.3218981432250279,-2.093866297241171,6.283185307178249,-6.2831853071795285,0.28325753834606615,39.948364734359345
2.7755575615628914e-17,0.03434244642126708,3.141592653589793,-1.3152228300864712,-2.0693708780985984,6.28318530717958,-6.283185307179584,-1.2041786389897122,40.24981538561322
0.008963721696531202,0.08650540370589324,2.251676584510556,-1.9963758478460192,0.8041590820734608,0.47067411695787675,6.283185307179586,6.283185307179586,39.96963315235959
0.009635105525845261,0.08666385338246925,2.2918722306311237,-1.9990978786214448,0.8052246457352742,0.37587006022929687,6.283185307179586,6.283185307179586,39.33363719334225
0.011033052724479436,0.08727787427690352,2.4503920107841433,-2.0054482110162204,0.8162729091531493,0.1839275443984884,6.283185307179586,6.283185307179586,39.744751700795625
0.011688763199464991,0.08750062870014866,2.517677899031236,-2.008770012331561,0.8191594757821979,0.07807268705035869,6.283185307179586,6.283185307179586,39.36411916994397
0.012322908959563839,0.08820602491141553,2.8828151867486644,-2.017958408612073,0.8352644458686069,-0.4471020504951707,6.283185307179586,6.283185307179586,43.40442886835399
0.012539804797872423,0.08321563709348777,-3.141592653589793,-1.9470067991225655,0.6771904630830228,6.283185307179587,6.283185307179586,6.283185307179586,44.51125971142763
1.6653345369377348e-16,0.07960926846933614,3.1415926535897896,-1.893959568095683,0.8813528314492756,-6.2831853071795845,6.283185307179571,5.931044979087777,45.07663390212762
0.029268478610888354,0.057927458948672794,3.1415926535897887,-1.8563704610593885,0.3411720784700353,-6.1709319766133826,6.283185307179586,6.248616534065553,41.02158503851753
5.134781488891349e-15,0.03412713840381507,3.141592653589793,-1.313598842269272,-2.061429885918881,6.283185307179557,-6.283185307179586,-2.537672974471614,40.60010037089875
0.019012970095585613,0.06821382712579259,3.1415926535897922,-2.650253083636109,0.9064319262438262,-6.283185307179586,-6.283185307179585,-0.14805400523423842,40.616988291364635
0.0,0.037576515826484795,1.183041380728278,-1.327898958527132,-2.1128115231188644,6.2831853071795845,-6.283185307179586,0.0016369946249073508,39.68066303471737
1.942890293094024e-16,0.03968890056650008,0.6970832577897349,-1.3359596172508161,-2.141259681309236,6.283185307179581,-6.283185307179553,1.5649063896702466,41.136983383441326
0.0,0.03132416320162026,3.1415926535895156,-1.3023305357702375,-2.010825753069113,-5.878674452221141,-6.283185307179586,-6.283185307179586,41.155118292459875
0.0,0.035817424218986,-0.5973658962424359,-1.3347860646669318,-2.1084280750784776,6.283185307179586,0.02872194763423537,-6.283185307179586,39.76281398673682
2.7755575615628914e-17,0.07640779545543532,3.1415926535897913,-1.1533578921540015,-1.7239987878098177,6.283185307179581,1.239734530329228,-6.283185307179581,39.77785012663406
0.01065217575042765,0.08756146271556431,3.141592653589793,-2.03650510641858,0.7662660652450184,6.283185307179584,6.283185307179586,6.283185307179586,40.088646514610716
2.498001805406602e-16,0.035893941532408775,-0.6390193972212523,-1.3355674444390386,-2.111565757935219,6.283185307179579,2.191938076920583,-6.283185307179554,39.562336350835224
0.0,0.0358307256256178,-0.9550467335688935,-1.3379007802087721,-2.1191606713376174,6.283185307179586,6.2831853071795845,-6.283185307179586,39.50367602532834
0.0,0.03573729706249574,-0.8955081852433919,-1.340748486770868,-2.125520187752436,6.283185307179586,6.283185307179586,-6.283185307179586,39.88261194684361
0.0,0.03575143493473598,-0.9817748261536494,-1.3379717382718048,-2.1192693569503396,6.283185307179586,6.283185307179545,-6.2831853071795845,40.3526487840611
0.0,0.035895691827894795,-0.5537715483412784,-1.3361629692323227,-2.1099658122684506,6.283185307179586,-2.096481415899294,-6.283185307179585,40.41988207086367
0.0,0.07574931177232358,3.141592653589793,-1.1588965795261261,-1.7307478518078763,6.283185307179585,0.5421477065221669,-6.283185307179586,43.578868480654485
0.0,0.03509247797383438,0.027902541800755687,-1.3321296959776934,-2.1067168172361166,6.283185307179586,-1.085288343738599,-5.820606708284001,40.284606331022175
2.498001805406602e-16,0.03517728439102013,0.23264256482827972,-1.3301790634256574,-2.1020561137429485,6.283185307179569,-1.982427295223275,-2.881691865215666,38.81708380949297
0.010068962889304284,0.08810843561286913,3.1415926535897905,-2.0447297688288972,0.7824062964774283,-0.2639750910081868,6.2831853071795845,6.283185307179586,39.69600478748052
3.885780586188048e-16,0.03463635091471945,-1.185762760987009,-1.332470690140006,-2.10427726670479,6.283185307179573,0.05089837821731816,-0.3412006028058698,40.4481860992015
5.551115123125783e-16,0.0355500611252274,2.506970484508863,-1.3329537827227749,-2.1106037632900527,6.283185307179553,-4.058812902773478,-6.283185307179561,40.29983488161503
1.1379786002407855e-15,0.03520025448063406,-0.7230391914642096,-1.3288871523285524,-2.098872661841378,6.283185307179567,-2.444606666657995,-2.2446976451970344,39.66162291558784
0.0,0.03503921313678129,-1.8801265138770764,-1.329041541388602,-2.0974793666539964,6.283185307179584,-2.612511063005911,-0.8214001848745369,40.47417758462648
-2.7755575615628914e-17,0.035701592860474494,3.018777689730504,-1.3293971162892604,-2.1053490961444044,6.283185307179586,-2.067867904295237,-6.283185307179586,41.0348089599407
0.0,0.03484623963080781,-3.141592653589793,-1.3231620826304527,-2.0793697769579302,6.283185307179587,-6.283185307179586,6.283185307179586,41.33415917040084
0.029428631931305738,0.085573025165282,2.4781373955873507,-1.9894132007117868,0.6526213232158293,6.283185307179586,3.7536755331261227,6.283185307179586,39.57270055472837
0.02329092826313109,0.08575005675149758,2.376416154751003,-2.003046374039534,0.6879934691517287,6.283185307179586,6.283185307179586,6.283185307179586,44.773944554814406
0.01757189577874052,0.07253346517506454,3.1415926535897927,-1.8478532341422973,0.4320995209389664,-6.283185307179586,-6.283185307179584,4.703913264628786,40.51793660554607
7.355227538141662e-15,0.09438482795685674,3.1415926535897745,0.6917681434202851,-0.6315386483228566,-6.283185307179584,4.118715135282489,-1.3364861231264995,39.76801503406765
6.106226635438361e-16,0.09121596794338308,3.1415926535895977,-2.0666771498653134,0.8463286410521238,-6.283185307179581,-6.283185307179492,6.2831853071795685,40.277534565453266
0.0,0.0944299388605214,3.141592653589793,0.6922373948407949,-0.6368963052455952,-6.283185307179586,3.174431665821555,-2.1495696233323778,44.295734275493864
1.3877787807814457e-16,0.036598599024743175,3.141592653589789,-1.3330851837740214,-2.1176814054613082,6.283185307179584,0.24896603229926578,-6.283185307179572,40.701821700129166
2.7755575615628914e-17,0.035373020880171295,3.1415926535897905,-1.3275854466947825,-2.0934267934673656,6.283185307179586,-5.869372059804993,-6.283185307179584,40.659369675494176
2.7755575615628914e-17,0.03540146071707618,0.681652087932152,-1.324602049627946,-2.090676726199271,2.5402412345516296,-0.8033037279258809,-6.283185307179586,40.97337150889598
0.0,0.035366377387553355,0.9780842011132513,-1.3275015845883267,-2.093415637275905,5.810232012200057,-5.228707021830371,-6.283185307179584,40.888749788755135
0.0033135839216486274,0.09009818264138938,3.141592653589793,-2.0599742279183326,0.828082187054376,-6.283185307179586,4.456414722231067,6.283185307179586,43.77761064346684
0.0,0.03536500635274141,1.2690172488828608,-1.3243316237698346,-2.091465818417126,2.156544055912164,1.0928404482884084,-4.159868898767376,40.01289969383551
0.010175339905860753,0.08759881975754151,3.1415926535897825,-2.052584689154771,0.7897062471735163,6.283185307179583,-6.283185307179576,6.2831853071795845,43.707603726864804
0.0334553896854442,0.06540459972814189,3.141592653589793,-2.673438386964542,0.8419383905205993,-6.283185307179586,6.283185307179586,-2.275416878531506,45.10566550188658
0.0,0.07374116700875441,3.010511004817527,-2.788679369760925,1.3428630137262638,-6.283185307179586,-6.2831853071779795,6.283185307179586,39.906078250584464
2.498001805406602e-16,0.07085024649174904,3.14159265358979,-2.6906332074669512,1.1090139140246134,-6.283185307179565,-6.283185307179585,6.283185307179576,39.60019000300809
0.0,0.0770893537840014,2.42305711204817,-2.7450613558834127,1.078453931487354,-6.283185307179585,-6.283185307179586,6.283185307179586,44.93111333496102
0.041778289739756225,0.051325643417661944,3.1415926535897927,-2.729903484916347,1.5267209364949228,6.283185307179584,-6.283185307179586,6.283185307179583,45.81219893398972
0.018870942466294394,0.06590077529910637,3.1415926535895364,-2.585032416254155,1.12935953140214,-6.283185307179586,-6.2831853071784085,6.283185307179432,40.301954193556284
0.015214199862595451,0.07991707958648903,3.141592653589788,-2.7517874200815537,1.5428949337118045,-6.283185307179586,-6.283185307179494,6.2831853071795685,45.336575252443524
0.01431998241541077,0.06050317270010584,3.1415926535897927,-2.703055425457871,1.1660363317172373,-6.283185307179586,-6.283185307179584,6.283185307179586,41.00696716909467
0.0,0.0676014425199195,3.1415926535897922,-2.5634606549603824,0.9649235916038258,-6.283185307179569,-6.283185307179586,6.283185307179586,39.934316995229466
-2.7755575615628914e-17,0.06786692974635752,3.141592653589793,-2.5571918916821295,0.954902218979055,-6.283185307179586,-6.283185307179586,6.283185307179586,40.18775160618712
0.0,0.035259243608915185,1.2696649827804658,-1.3241398192263283,-2.0910329829537284,1.7566817579936294,2.2166098593335244,-4.661563262108361,40.37293632441912
0.0,0.0676289988784802,3.141592653589793,-2.563536881187108,0.9626807369377225,-6.283185307179586,-6.283185307179585,6.283185307179585,39.028410229978995
2.7755575615628914e-17,0.06783660895112507,3.141592653589793,-2.5494447318409845,0.9478500803499929,-6.283185307179586,-6.283185307179586,6.283185307179586,39.957036931957724
2.7755575615628914e-17,0.06765261793986287,3.1415926535897896,-2.5538725466367462,0.9535119352597563,-6.283185307179586,-6.283185307179586,6.283185307179583,39.99594290097427
0.0,0.06763281514038054,3.141592653589793,-2.5564691389164795,0.9555169088306708,-6.283185307179585,-6.283185307179586,6.283185307179586,40.11538483305114
0.0,0.06763019597324076,3.141592653589793,-2.559084238082183,0.9574242138097229,-6.283185307179585,-6.28318530717958,6.283185307179586,40.42762333993204
0.0,0.06766299483109035,3.141592653589793,-2.5623021817558156,0.9596531061543923,-6.283185307179585,-6.283185307179586,6.283185307179586,39.76531575434345
0.0,0.06769700611922987,3.141592653589793,-2.56202074089036,0.9583060289039592,-6.283185307179586,-6.283185307179586,6.283185307179586,40.47588641994514
2.7755575615628914e-17,0.06773963393252669,3.141592653589792,-2.563521183394585,0.9590546097337875,-6.283185307179586,-6.283185307179586,6.283185307179586,39.43276320483745
1.3877787807814457e-16,0.06778841956244835,3.141592653589793,-2.5630143278634963,0.9570258963921179,-6.283185307179586,-6.283185307179359,6.283185307179571,40.056502594027116
0.0,0.06782753475997308,3.141592653589793,-2.5634038486548647,0.9564726083388884,-6.283185307179586,-6.283185307179586,6.283185307179586,39.51780312778009
2.7755575615628914e-17,0.0680287102395155,3.141592653589792,-2.5624708830343335,0.9515951781830774,-6.283185307179586,-6.283185307179585,6.283185307179586,39.719334270577946
2.7755575615628914e-17,0.06833633781791894,3.141592653589793,-2.5612470415993,0.9450692276050816,-6.2831853071795765,-6.283185307179573,6.283185307179577,44.17761118014443
0.0013153892965959146,0.06369386208883938,3.141592653589793,-2.5883590482568044,1.0559104826089074,-6.283185307179586,-6.283185307179587,6.283185307179586,39.414634697811
0.0,0.06221829178176408,3.141592653589793,-2.585848590752972,1.0713458766337858,-6.283185307179586,-6.283185307179585,6.2831853071795845,39.27571988148364
0.0,0.06095083438709761,3.1415926535897922,-2.5798561179645496,1.0805920161872742,-6.2831853071795845,-6.283185307179586,6.192145125279973,39.85852886811589
0.0,0.06163176758636048,3.141592653589793,-2.58457033291689,1.0765028199588151,-6.283185307179586,-6.283185307179586,6.283185307179586,44.22338520094263
0.0,0.03529228212565235,0.8394268549659623,-1.326090389084399,-2.0933350066756966,3.6414236355546636,-1.656565617800805,-5.07939224801529,40.06312504218373
0.0,0.035286197299483596,0.8480783263003897,-1.326156245158058,-2.093501754324869,3.747712408648759,-1.674508751372485,-5.148415529130769,40.07060587637962
0.0,0.0352688097539821,0.9256301393008317,-1.326085636759324,-2.093408258380431,3.8764479475273377,-1.7848782502306284,-5.064755959333773,40.95285371843757
0.0,0.03539892413608006,0.7523119839446536,-1.3271144162961237,-2.0943723345184773,4.52273615147732,-3.865385194016023,-2.677560668983322,39.95646941611262
0.01620923453937051,0.07364333896738767,3.141592653589793,-1.8381178762350987,0.4328954342740113,-6.283185307179577,6.283185307179585,6.283185307179586,45.832033170375404
0.0038083957912461996,0.046345802906452994,3.141592653589793,-1.804619023040242,0.2607135973796615,6.283185307179586,-6.283185307179586,-6.283185307179585,39.218892214116316
0.007439991276788072,0.04656786626845933,3.141592653589788,-1.8051124330191808,0.27165857904784074,6.283185307179577,-6.283185307179586,-6.283185307179586,39.798514650192196
0.008237185441636874,0.04710985951621868,3.141592653589793,-1.8043026199671854,0.2757717981146496,6.283185307179585,-6.283185307179586,-3.514364534241131,40.52667515070837
0.00987430830077568,0.04759775013048709,3.141592653589793,-1.8031514946102774,0.27744778367525263,6.283185307179585,-6.283185307179586,-6.283185307179586,39.66171161153888
0.0106513907649258,0.047659588893863354,3.141592653589793,-1.8022154996054227,0.2793343348417125,6.283185307179585,-6.283185307179586,-6.283185307179585,40.426154098598154
0.006269761343436792,0.04758250437389608,3.141592653589793,-1.8099774634928716,0.27521886980013804,5.1071400322331675,-6.283185307179586,-5.246518795946014,39.53538974341478
0.0018069747976963146,0.04780671225589023,3.141592653589793,-1.821868862860427,0.2795764418660771,3.6704455380296093,-6.283185307179586,-5.116350702942091,40.1871383796784
0.012087434835854755,0.04748606717876473,3.141592653589793,-1.789259227136263,0.2639439035739385,6.283185307179586,-6.283185307179585,-5.5028557173065265,41.054500658599586
0.0,0.04700984728902205,3.141592653589793,-1.8984722897548794,0.3680204239759813,1.5389595721208424,-6.283185307179586,-1.5792777346666498,39.93582914806892
8.326672684688674e-17,0.04754372556867159,3.1415926535897825,-1.8786398076773099,0.34518012641767754,2.08215408598842,-6.283185307179568,-2.462171054252615,40.152624190014706
2.7755575615628914e-17,0.04775297808913883,3.1415926535897927,-1.8630114991514697,0.3274642612676046,2.7766929094042903,-6.283185307179578,-3.0003919516669426,38.81958598140594
0.0,0.047749576005247533,3.141592653589793,-1.8830204052270543,0.35338176328823,1.8057146011590999,-6.283185307179586,-1.30678224247267,39.820541089114236
