piece1_joint1,piece2_joint1,piece3_joint1,piece4_joint1,piece5_joint1,piece6_joint1,piece7_joint1,piece8_joint1,piece9_joint1,piece10_joint1,piece11_joint1,piece12_joint1,piece13_joint1,piece14_joint1,piece15_joint1,piece16_joint1,piece17_joint1,piece18_joint1,piece19_joint1,piece20_joint1,piece21_joint1,piece22_joint1,piece23_joint1,piece24_joint1,piece25_joint1,piece26_joint1,piece27_joint1,piece28_joint1,piece29_joint1,piece30_joint1,piece31_joint1,piece32_joint1,piece33_joint1,piece34_joint1,piece35_joint1,piece36_joint1,piece37_joint1,piece38_joint1,piece39_joint1,piece40_joint1
-0.08649301858048694,0.1443454077806993,100.0,0.049851794385758076,-0.08768725944294826,0.08851806616180621,0.40250898699438653,-0.07372783089047745,-0.07198757752562443,-0.07372783089047737,0.22045850931198152,-0.07372783089047737,-0.1618334059872744,-0.07372783089047746,0.1946470642110607,-0.07372783089047737,0.3015935760888844,0.05016410062943615,-0.07372783089047737,-0.07372783089047737,-0.07372783089047746,0.2354731216691638,0.20677085260274203,0.13558890585352837,0.1291425628067496,0.007416331191046149,-0.07372783089047745,0.04433310588153331,-0.009906584198705288,0.19371458258896027,0.22100018332581112,-0.22937900273138334,-0.2817436534153833,-0.07897313473769556,0.1746475937780146,0.28753316380982524,-0.07372783089047737,100.0,0.19245396035859577,0.24084786729216556
-0.024664862406663733,-0.16273906280564868,-0.16749449759952956,-0.0421943747211965,0.0205343467409215,-0.10134684185465663,0.1218152966325546,-0.06855528188928085,-0.2249648854021802,0.06214609083218228,-0.06756620613338318,-0.13052843574021608,0.20801159282067866,0.23861047580115463,0.09947929854640307,-0.18755084475580072,0.11950934952495136,0.15465011600762024,0.2366210636369354,-0.07627240810469416,0.23250435776571327,0.27412194521965544,-0.2651774763286997,0.2249288368553799,-0.08492936306456333,0.09898366135503292,-0.10655464603372937,-0.16658968903579258,-0.22512379843278665,-0.2372765142301376,0.07968011923835468,-0.008956648076945045,0.3554606662929744,0.09347603731242844,0.3385529134302995,0.06484521476221991,0.1462535287134619,0.14620862156212722,0.19878547047815404,0.1634772145250116
-0.052393732216068536,-0.08071669040211712,-0.08793468955729239,0.17784570774558126,-0.08277768599388098,0.08138740099315155,0.18132057277268024,0.006617539810072563,0.17337291232050195,-0.16496748336785974,-0.32096082495922645,-0.05943104746768225,0.05332954465275145,-0.12411508516399075,-0.07372783089047745,-0.09325623690792763,-0.06528531132199748,0.0075153761522739615,-0.01218785241750105,-0.16326451161561298,0.17100333498807693,-0.04214508369680893,0.15576889096675717,-0.11824234951134492,-0.06257968189053037,-0.19925978592981236,-0.20782116414932078,0.017824518139074066,0.19201502099742784,0.007932395827883475,-0.05751674137232264,-0.08441071358378455,0.07582589916600752,0.045361859632568585,-0.14619623391075642,0.07827379287253791,-0.1066274623497144,-0.25969151838784665,0.02107989300931551,-0.11735401895118407
-0.07372783089047745,-0.1574287015651805,0.09412647955693076,-0.21372988984556104,0.12501986518153912,-0.15543015436894111,-0.11535789664642931,-0.013654131184806307,0.03603419412853421,-0.07372783089047746,-0.25293602090614853,0.014372258837398413,0.2418748143029593,-0.22311320062976656,-0.08737878372040765,0.21685936296080074,0.08678184193423442,-0.25621109767783434,0.07120072477582724,0.02149201526960651,-0.051021777492766096,-0.044265923675504706,0.10609440664860428,-0.17427711469601453,-0.36017732583984363,-0.2070707319215233,-0.10188345228985865,-0.0024648237153417204,-0.04180791271189786,0.07861539845107325,0.05806507670212851,0.14568397023551483,-0.04224208632748521,0.16059668141181946,-0.1049768236592098,0.05003310007646956,-0.1850375396413489,-0.03798173927058469,0.12591633122152263,-0.10032068531061225
-0.0028079578472461524,0.006784156396626287,-0.27044652439509387,-0.09434914531099803,-0.11598549117332858,0.0445206111577349,0.14879359469645878,-0.32600172905646324,-0.15105696918317474,-0.11859634856374907,-0.08125250731415302,-0.39420615202671216,0.019284846549889254,-0.2339176558559904,-0.14009853536777234,0.08464274829436887,0.09105412026802907,-0.30340574442239604,-0.11128296938033505,-0.059997399082418315,0.09179937913872327,-0.257498701582895,-0.1749835390695439,0.11219922083944278,-0.07372783089047746,-0.07658167714619168,-0.024649422827371738,0.04104518843203636,-0.20850479027037921,0.017782910778130278,-0.11706333417350012,-0.12806771476208073,-0.10741878513394229,-0.017008028798757114,-0.21327289352480644,-0.08912981285123175,-0.15174647166021538,-0.1467519738128658,0.1946214709802121,-0.2992974698898669
-0.12006102834858344,-0.1915902405208378,-0.07372783089047746,-0.10991894895139223,0.014119748031583362,-0.0729767401752618,0.11731222916330464,-0.24530771658112271,-0.25319622629942484,-0.12067639891266939,-0.10154384018016403,-0.07372783089047746,0.08035974268434001,-0.07993686037989071,-0.01996274803341392,-0.0845535216179201,-0.07372783089047746,-0.15226027243928575,-0.17778764634358085,0.13100492888261733,0.0622862929596311,-0.2990590799159445,0.054137998108532884,-0.047089539719528284,-0.13459760701651297,-0.23241621553087818,-0.0901074719746827,-0.05016797684390296,-0.17180726320080617,-0.21966747978534892,-0.060567026644987684,-0.1337519943830307,-0.07372783089047746,0.09341777367750127,0.06608999487040657,-0.07372783089047745,0.014782318330073756,0.10077405018658783,0.1284065871511874,-0.0273792208922613
-0.22982043838619934,-0.03053636873132001,-0.0444509512412777,-0.07220617017468056,-0.1344001324075959,-0.26131156623064106,-0.07256173402519389,0.014810469143161416,-0.10124999264464928,-0.07906887416374199,-0.07372783089047746,-0.03226051150021537,-0.1356760316131626,-0.313730593069995,-0.11198717379253968,-0.02257548493955809,-0.2769994404464226,-0.14435703785160434,-0.1693973909826132,-0.07372783089047746,-0.02763110397608425,0.08534434768536357,-0.21801691716844784,-0.07372783089047745,0.01092344187064056,-0.057128835451870766,0.015921953513276473,-0.12870083165803484,-0.04460467172002229,-0.029873423611967913,0.11002809576139366,-0.09142906006200809,-1.5266627552510716e-05,-0.14582722186012015,-0.006394169889818151,-0.06524134850063959,-0.22697742460149212,-0.07372783089047745,0.07603994260320922,-0.11655955439518206
0.059255375034816926,-0.09183962734958273,-0.04384785010962525,-0.07830905402818078,0.08356911767681376,-0.10484951184110837,0.10851745092017692,-0.07234952063857732,0.07789888141578016,-0.11394206358207343,0.12605430415571792,-0.09456033889447893,-0.09782249066838972,-0.1139573984805807,-0.08322396441006037,-0.041718375499761824,-0.13432093744796686,-0.06928423059912443,-0.24018606921184876,-0.07873135055159305,0.09060599592450835,0.08856377377216144,-0.03941206501310239,-0.29379699172959467,0.022983943669068405,0.10224740402096917,-0.11388567989308905,-0.09921651648527077,-0.176747546121121,-0.027871919101515905,-0.10377217357587269,-0.060951575135527576,-0.08134962245243185,-0.06183996728165084,-0.2223311822938113,-0.046252414295536975,0.007928331165002245,-0.11965877630618087,-0.039701752168046306,0.04380529164679968
-0.06304849826006657,-0.06473845571486538,-0.057530668340542226,0.11086126956505524,0.08668118270230485,-0.27657055012932125,0.08718589222766701,-0.07880590019100278,-0.07002101603252395,-0.09901109644398916,-0.10565633873626173,-0.07372783089047745,0.10952948484928411,-0.09908944088173968,-0.03968005422681434,-0.0777766940290903,-0.07477794724451187,-0.08921671330391047,0.07087030969971106,-0.052263624001636685,-0.0704624419065828,-0.07387128402133487,-0.04649797245701,-0.11901484296197,-0.10105705226905101,-0.10967093434786783,-0.058832778467707576,0.03879031299936858,-0.04293257932151415,-0.06015525846329975,-0.09737873356256502,-0.06189479246186157,0.11313198922668985,0.10591229587970707,-0.03360112489587343,-0.2508724923207569,-0.008622605886528004,-0.08929483900138954,0.09636986525381551,-0.25345779231542465
-0.09787489667018008,-0.05848434395352903,-0.10488943775428317,-0.0613050000719999,-0.11226575084514982,-0.07772635136349758,-0.06164295635973831,-0.11196325424874438,-0.07629316913664691,-0.0843143288951592,0.08806868443150763,-0.05383516476488307,-0.0800269494828558,-0.0800153217991998,-0.298968028927241,-0.08492776913089696,-0.06659091754472263,-0.0813500586171334,-0.07061100240849957,-0.11228965585531982,-0.09838562927746441,-0.001634508780266471,-0.07137838715508943,-0.05341429441360827,-0.09652648946428716,-0.09790157740003017,0.09004064181311645,-0.07832411747408968,-0.08806525220560073,-0.08186836604159578,-0.06916310474666974,-0.11384690431611053,-0.11826624027832865,0.08844414451093811,-0.046150288038142064,-0.07599433062272547,0.08823656687650938,-0.061296771317597434,-0.1062390317233581,-0.07301670887305298
-0.11625904480346677,0.0898234324989938,-0.07372783089047746,0.09649830322836474,-0.07417093745796313,-0.09978561227123645,-0.06364957138065538,-0.10041314751158367,-0.0803371560648571,0.09528710007519024,-0.07832657854168819,-0.1203571198665277,-0.08385014973433792,-0.06969062701453478,0.01608294097236071,-0.09113062538434023,-0.0844758437264685,-0.10415835760391606,-0.09073270014019368,0.11098532688167388,-0.08298128466773816,-0.1024188764428293,0.018951930707910854,0.08910534553058608,-0.06445588200973795,-0.052404364015285435,-0.07737544634756033,0.11426560565444341,-0.10611684232521612,-0.060459906375688266,-0.08217486654634795,-0.06935939945988474,-0.07344888838228703,-0.07538309487519224,-0.06531550097937777,-0.058514519184806185,-0.11932154011623868,-0.07815837780014062,-0.08667739789111781,-0.08156120116490106
-0.07716293220963308,-0.10677875080202033,-0.06524421854404094,0.09359827784938919,0.08549350834141267,-0.09207232146101707,0.10602710661902312,-0.1246581111163259,-0.10791624846520785,-0.07571820463719596,0.07088249749232954,-0.07120263697084549,-0.11297182755346505,-0.06994347750756902,0.06216479022062387,-0.10378606633985168,-0.11144761844271459,-0.09792768327197701,-0.07901063487446507,0.0353666770460035,-0.0820470770518586,0.10828163768115223,-0.07659649246468485,-0.0898072377152784,-0.11340955597555588,-0.08910197253885306,-0.07636872527465752,-0.060533867492128635,-0.08603334108788199,-0.09207299299801605,-0.11623485520957644,0.09270336032080088,0.0888249378275479,-0.05607444055321898,-0.07631997196697951,-0.10314568777230139,-0.06781619257384222,0.07994886786032972,-0.0701425270399069,-0.07738889464466372
-0.09829653558987866,0.09117075394260123,0.09264610319565,-0.01380888175292094,0.07301363587305514,-0.07581563525595975,-0.06357859700684008,-0.07836167444684619,0.07517923794524109,-0.11041979859944735,-0.07698586269030518,-0.07376035873307792,-0.08206748919170172,0.07303232398787741,-0.10672031328877729,-0.08067175214855082,-0.1000816890442712,-0.1030422220143517,-0.12840502573509582,0.11286517806800346,-0.09045530785116504,-0.11893156939185136,0.10566754244494081,-0.0851183492562928,-0.1106104225880706,-0.061526348568671646,-0.0967696189766606,0.08617270691988176,-0.08834928479391624,-0.08038134487552437,-0.10280723224373006,-0.06631063854050583,0.06709111138129578,-0.11259175196112264,-0.07490426146886582,-0.08289861885056929,0.08524853345381513,-0.12345690166403489,-0.08265113517253889,0.08947862470364557
-0.07857773508644633,-0.11164122494106853,-0.10604211026252401,-0.07798909661233161,-0.07547586328949167,-0.08679589777309231,-0.10787484049595922,-0.10703739518651685,-0.11071917047008485,-0.1282389274969576,0.08977895881204499,-0.10483416978586489,-0.06457995088245808,-0.06797109562464086,-0.015223218659661624,-0.10895474184274204,-0.12237083578838322,-0.12550159445717216,-0.11265643774124391,-0.08197501236075508,-0.11907574752302595,-0.0843755902690381,0.0967796490347209,-0.08497039892546683,-0.1051123289409597,-0.10386141426856657,0.09063838896261335,-0.0830453062426583,-0.07016926357315968,-0.10379978586174098,-0.10499534847018709,-0.09847367299466457,-0.05910749216362813,-0.07750218850145585,-0.08615035084556774,-0.05546294568098394,0.08461822545348263,-0.08300049769697888,-0.08682408882180978,-0.09373741801052772
-0.09259833469301886,-0.09757251582562299,-0.10395586391533261,-0.1031016758650865,-0.08130289544430383,-0.0729598789439688,-0.07595953169304397,-0.09108738053321676,-0.07526256736120426,-0.06939954007710385,-0.08403531804769761,0.09192681995346813,-0.08163558640590986,-0.11870605814045733,-0.07413551124263518,-0.06857780678203708,-0.07500613945903044,-0.08974945531189908,-0.0688973030538238,-0.08903812479539505,-0.07573792267191821,0.09396132605277362,0.0855589362652509,-0.0780978112598609,-0.09506351190857366,-0.0893138451338055,-0.09909209615779892,-0.10272244747589067,-0.1118145382667394,-0.08446715702591287,-0.11772144087744014,-0.08244636077777139,0.09141082139919775,-0.08195084340287297,-0.0714397945616143,-0.08787099961017499,-0.10518157804534113,-0.10896801257161012,-0.07417719090299629,-0.12037262224119555
-0.09945260412651674,-0.07675731420875244,-0.07732358831836547,-0.07938993512924297,-0.0909888216756743,-0.0794788324874308,-0.07293325675276223,-0.09163113693067143,-0.08186210214102131,-0.05874936030051717,-0.08971296016521456,-0.09151978381433745,-0.07867281488414923,-0.11604405537790566,-0.10339617390119352,-0.09008784732240137,-0.07579465102821517,-0.09232211067926993,-0.10080356129313355,0.09225009074428112,-0.0922290992811017,-0.08220659186270618,-0.09217354682404813,-0.08467356116214775,-0.07945281676335783,-0.08229730376240824,-0.08331132641494592,-0.12373818218073965,-0.07668554516263276,0.08561491753700996,-0.09660293301986807,-0.13217206670760726,-0.08108467965880573,-0.08398989709087737,-0.08038374379247772,-0.09609123381762072,-0.08967711706742953,-0.10742974465648165,-0.09182248689739472,-0.0865066473941029
-0.07814583765724152,-0.07651965303721964,-0.07720399001588041,-0.09563625796518979,-0.08876618793073979,-0.10125816183785576,-0.08507769342682642,-0.11155607076145384,0.0811571609947069,-0.10726582877944156,-0.09519987996212897,-0.07566483567921735,-0.08638452694574932,-0.0611061733254138,-0.1309052001694297,-0.07716763638892893,-0.09382915768016789,-0.09051397764515762,-0.09467253534700923,0.08752735478218597,0.09537460696711618,-0.09036810564173986,-0.08217849333422549,-0.07936979544003482,-0.07877153774266224,-0.08473517608169129,-0.08777187310292625,-0.08477757791732007,-0.07338200900969365,-0.1152256267694716,-0.0692395781321228,-0.10431975280479773,-0.07384444205919112,-0.08914552822728386,-0.09169537453255475,-0.1065217522041415,-0.09299553019489451,-0.13477574472872536,-0.09145327597709951,-0.07630087659005601
-0.10191709414011174,-0.0873588363047446,-0.12728356836905905,-0.0784904006223336,-0.10151220897611339,-0.06855547429574682,-0.08168817897775921,-0.07912487577845129,-0.0970885489925922,-0.10620427349046774,0.07969155656445275,-0.13038155819806183,-0.07372783089047745,-0.08786113424953068,-0.08100250514518978,-0.08200355530181157,-0.12798274997847695,-0.07251610146488081,-0.08620220617233858,-0.08736300139372317,-0.1147582943899132,-0.0998792718763261,-0.11628695618271023,-0.10898918220223137,-0.08491458374226131,-0.08371026056854353,-0.09834001950541843,-0.05738343990717955,-0.10004672732792608,-0.07997155760162025,-0.09676870896096912,0.08930666579568397,-0.10013353273527739,-0.0636337376944449,-0.10172554723354887,-0.060724885092543784,-0.09123045487465559,-0.09607281369857683,-0.14108856979916073,0.07390238349985345
-0.08696932040338218,-0.08124020271261992,-0.11218140071990901,-0.10014988377966211,0.09232949647736284,-0.07583287020384812,-0.0891427419248402,-0.08612344707618955,-0.0801747210499651,-0.13269767151752743,-0.08832300480874515,-0.12138739510726931,-0.12578256907324642,-0.12641013963968475,0.08032491363179374,-0.08410575153958515,-0.1169414249884515,-0.08990594592061131,0.0939308897372612,-0.08806032878012299,0.0852236646659998,-0.0801367068516371,-0.0881544622139277,-0.11451904282320102,-0.09296564936855176,-0.09307110298729977,0.05698786309749213,-0.08960442980004034,-0.08309797691723234,-0.0831090797570669,-0.12802379880520798,0.09205706825761942,-0.12193725705286407,0.08568011095314872,-0.09100105882455675,-0.09675043859329593,0.09231405418217228,-0.06814731864745459,-0.08845178775367177,-0.14073941028055856
-0.09387789336306498,-0.10917308180898509,-0.10210038656348185,-0.11381949588999812,-0.14374093192098628,-0.08617777325004583,-0.08460442251986156,-0.09761001410218696,-0.08675422560933115,-0.09336364367620162,-0.12125616317673216,-0.0835259288186497,-0.1040449053415391,-0.08676489428662283,-0.07083995939434026,-0.08773304475462505,-0.08994441409986267,-0.11708928942776328,-0.07535763148074524,-0.11466179413309079,-0.09599523715556235,-0.12565777255406008,-0.10962115522086652,-0.1286436379600784,-0.06672660922480508,-0.06981530065210512,-0.08355575659542624,-0.1023575565626631,-0.08447154035769162,-0.09128912608187419,-0.06775384452134414,-0.12290449321247124,-0.08613364160449855,-0.089353989808261,-0.10055931866872475,0.07728638660472884,-0.12102748814440004,-0.08001062259172347,-0.10065116131159657,-0.07954341457510711
-0.08283461439312023,-0.0861811668480951,-0.1332160736814106,-0.08620077799541032,-0.11199308851447344,-0.10060510205055244,0.0949426871517257,-0.1006180282396992,-0.12009031446836083,-0.122155741535951,-0.12318640147974741,-0.08946552911095304,0.07957884854802569,-0.10094202578305998,-0.08528433059534563,-0.08971004389866023,-0.09296214364965667,0.09151765691175119,-0.09847849850324787,-0.10111296516899665,-0.12757223919243108,-0.08233650356120573,-0.0915112841862642,-0.07122845452971138,0.08641342473431571,-0.08342482706485965,-0.0972593443279092,-0.10618183828042016,-0.12572312432891425,-0.09699305095499172,-0.13198404085062354,-0.12331499817530206,-0.08144865467992035,-0.1290495081674637,-0.11668529622203312,-0.08573787319079325,-0.1146285397879227,-0.08953120665666887,-0.09834757288311854,-0.07755388165076757
0.08798938848136584,-0.08369635320761895,-0.10602969512815177,0.0875088104635378,-0.11807227876217304,-0.1186327754753754,-0.0837543926461748,-0.12948812541324148,-0.11047948911577105,-0.11575122244477912,-0.08990592323241145,-0.09319804663838019,-0.0934980313381649,-0.08090287085522471,-0.08631617450196041,-0.06981504027622373,-0.08046290404702497,-0.08432110465084039,-0.07904952891156733,-0.10158563023862682,-0.09571702436378335,-0.1309859509619602,0.08697990925213105,-0.0983603557154632,-0.11231429660297987,-0.1050699886182136,-0.12308541864646066,-0.11654201861702362,-0.09480014288568372,-0.07713575292051826,-0.11423133313265862,-0.10056424671106515,-0.09704095021057747,-0.10752788022026319,-0.07839307711909604,-0.10748264776605096,0.08477228287363113,-0.10968783084343936,-0.13330495831526912,-0.10146631989003953
-0.12497964502195742,-0.13269480207675716,-0.12880375144114534,-0.08118044045181019,-0.12881771278226772,-0.12394087117748191,-0.09051429074640233,-0.0945095777242104,-0.12064569163219796,-0.11062509288313366,-0.08790804450405515,-0.12597813457457557,0.09089452986599775,-0.12002268094397918,-0.06996270990767994,-0.07797303890290165,0.08819925986929925,-0.08175142955191911,-0.06230848231053205,-0.1388642445213054,-0.08738631978921452,0.08567459221519093,0.09392535011342291,-0.07792116886332172,-0.09656221567198686,-0.06655189905397305,-0.08737744645016385,-0.11134479801224224,-0.09719550389610075,-0.07125713017566362,-0.09406113432950969,-0.08056611928078265,-0.10092148734960621,-0.09409162763915443,0.09000156440986537,-0.07246194983253762,-0.08104347560350661,-0.11334090694591582,0.0869080312016571,-0.0830841197460657
-0.10219653442255525,-0.07345117328207643,-0.08120737392862792,0.09543210684698254,-0.06638520919693044,-0.0997975130334096,-0.08053447060796992,0.08308288029983997,-0.09334597029455802,-0.10071242578220857,-0.08068131901636758,-0.09418356559487855,-0.09149449515696093,-0.09635953392292104,0.0883895288831072,-0.08723739135552737,-0.1142798051442438,-0.08627567044337338,-0.11844176492578015,0.08570992167219225,-0.10624914160183158,-0.08530269457872602,-0.0920754027036457,-0.09771757504249681,-0.08691745157509922,-0.09823311926553127,-0.09046343998146353,-0.08768731673682352,-0.07734434493572005,-0.08912634923715596,0.08428474912726436,-0.08154541007643219,-0.11815444886371244,0.09149191117331014,0.08722604735806136,-0.100184974892051,-0.08547680384623578,-0.06471599781825403,-0.09120333929429796,-0.09493335161039726
-0.10495635468194314,-0.08738654096431958,-0.09066252161219174,-0.11915997334392071,-0.09460682469895351,-0.1299040333952355,-0.07231680690712891,-0.11149075511559886,-0.12102289610801,-0.08428688806750921,-0.10188528736888922,-0.089190605897134,-0.09915617786529787,-0.09038701715692737,-0.09732134086786197,-0.12375439477874556,-0.11173507024929659,0.09321180396476414,-0.09587492852638765,-0.07599363384269839,0.0907891298295952,-0.11531352958083607,-0.09170751444699252,-0.09107264994262695,-0.09613880923582398,-0.08626445563137035,-0.10032797572956112,-0.08829049378433673,-0.10954625008224814,-0.09875182614996877,-0.08870313722388458,0.08803828584531273,-0.09454870533424443,-0.10474773769497481,-0.10398255887260663,-0.14156512007123903,-0.09312609924826298,-0.08194431469066403,-0.09801707828342926,-0.12504100288020636
-0.08530903808273382,-0.09430662428547772,-0.08107434416794732,-0.12910414066998177,-0.09608462363517034,-0.0958103350355447,-0.09460835101814202,-0.10476348293841507,-0.1287636050081408,-0.12122216722460649,-0.09103783707875393,-0.13105490454273758,-0.12376236434307394,-0.07974834681717274,-0.09606162586630083,-0.1048809525580442,-0.10296358274474508,0.09476590484139653,-0.07972884719744955,-0.10744425566385958,-0.09473601009256909,-0.095891245298008,-0.09562173191557044,-0.10516423496248675,-0.09080927975732705,-0.08758850935671202,-0.12948801401090246,-0.11508592884631494,-0.13542495454145342,-0.09213911385363467,-0.10239593764603898,-0.1214631950024051,-0.1037086861597619,-0.09500555041521735,-0.10308831789999359,0.09348968671946699,-0.09587732466499857,-0.13027073752499044,-0.10862864450277211,-0.09515680215172127
-0.10030376196887862,-0.08780710742729442,-0.09866582190857115,-0.12437297130774048,-0.12253452114144991,-0.10500903987424239,-0.08087068076777079,-0.11578684278144177,-0.11801525790804021,-0.08362474447655523,-0.0984237622946711,-0.08263766450864901,-0.09275668183200743,0.0945138252238027,-0.11438478351397158,-0.07783429045346883,-0.09866190391702065,-0.09695255534009592,0.08552993124854247,-0.11352941352964552,-0.08052717996812528,-0.1046099071422834,-0.08632002431513905,-0.12700564146694787,-0.12820016395049483,-0.09341837282203896,-0.10105634150915885,-0.11251416461348154,-0.09943413967382009,-0.09296458654012274,-0.08605330659592278,-0.11616807675895494,0.08813679908304278,-0.10014529146150938,-0.13496956139686944,-0.10960383204626487,-0.09894926800553333,-0.09015359491795637,-0.09465247590263125,-0.12352404169658837
-0.10540162654304322,-0.09552663658472785,-0.10356089330225605,-0.09773714155927038,-0.09178630175005564,-0.09633794705182752,-0.10537020483549307,-0.09698331617140182,-0.0865641101487957,-0.10397403837086228,-0.10183926399913096,-0.09546758005850073,-0.09943026927145618,-0.11175068412801349,-0.10265351990111427,-0.10460748306554958,-0.11516576283381313,-0.11265691804256167,-0.09588079974483162,-0.09528895265737858,-0.12659634565754313,-0.12783527509091158,-0.09674003933569972,-0.10017428485672825,-0.11937488452729238,-0.11955423153600259,-0.09574432620632939,-0.12297113285595593,-0.11915461943719514,-0.10510157989190591,-0.09202487296421154,-0.10572898844211724,0.09847647502348642,-0.1314510514616171,-0.1102966008161778,-0.08911287630915352,-0.08874209294149873,-0.09145633376243341,-0.12517178330532316,-0.10248236055621592
-0.11502003414824885,-0.12399708559793042,-0.1079106551557591,-0.12925575659635888,-0.10029065678919957,-0.1244995643625692,-0.11420786823411772,-0.11063015214050992,-0.09474653247691259,-0.10443438504681107,-0.09387069502102757,-0.10265241466062716,-0.0906848645283159,-0.11583131460185804,-0.09045626253626768,-0.12690693946497542,-0.0970948707181752,-0.14026063828586746,-0.09816028137968055,-0.12349036302772701,-0.12747209061751652,-0.12455466236903824,-0.1317023428232667,-0.09379216111577052,-0.12007984023149514,-0.09190985905224457,-0.10112751902661757,-0.13005145571444268,-0.1014942520638367,-0.11157438416881788,-0.12156145387927575,-0.12909861259029332,-0.09812071431827252,-0.12918093821619533,-0.09690992435875957,-0.11733460665184614,-0.12105636998861784,-0.09011695124075281,-0.08821892585244623,-0.1292935342873028
-0.12195427522122806,-0.11190827116380209,-0.12335307888695655,-0.08922895677371272,-0.08465374481140704,-0.1216092647336939,-0.10451085642988839,-0.12214098851648003,-0.08936088432720446,-0.1089014251287316,-0.13142717209668375,-0.1145125749285559,-0.09655769235579773,-0.09541472878181279,-0.11064719641428669,-0.10804431979027285,-0.09519364746834848,-0.11433040262546469,-0.08079893888594541,-0.09797535316414258,-0.09217493149893487,-0.11890007872981728,-0.11216814967973839,0.09067724134518963,-0.08545233184431031,-0.0963323245225477,-0.09431670461114676,-0.12700701652803784,-0.09917237367746698,-0.12799132216553427,-0.09864054140748628,-0.11156731459155986,-0.10146386920184859,-0.13543865133976862,-0.1298749884391606,-0.12994109105651744,-0.12174631167031696,-0.10322831571924364,-0.11469345232850034,-0.12339540167107212
-0.07800960442558298,-0.08525610912507428,-0.12421522308935831,-0.08981329327548904,-0.09013157466533145,-0.12509790592376557,-0.13950341376962022,-0.11066244928814925,-0.1288984335045183,-0.10345800901427711,-0.13339921517919423,-0.11456218469164514,-0.12706416219179933,-0.09353793234552008,-0.12527841011697102,-0.11887900642512422,-0.12340623145558863,-0.12718833323335757,-0.12447454392646173,-0.12807286492205391,-0.0960734485218667,-0.11837959111982407,-0.08578540010510087,-0.11426375425648452,-0.10897325578574237,-0.11141673439742346,-0.11430296460033706,-0.09342966758468334,-0.11351411275952139,-0.09409971762149553,-0.09871254203036013,-0.1264873128402206,-0.10064029325938022,-0.10386517269682127,-0.12710342611312672,-0.08899279678383892,-0.1288681536894367,-0.09080826557358812,-0.10493992534010763,-0.10776802810105494
-0.0933987568256934,-0.12670313535530953,-0.0989087777790122,-0.12577753533709152,0.08924401920956843,-0.08812390605602874,-0.08115295134662395,-0.11765928197315333,-0.11094454109032467,-0.08845879598303852,-0.11852491196516497,-0.08951556125742358,-0.10287457529778742,-0.08608485389489881,-0.13203851103226086,-0.09369122627482346,-0.12490236231067675,-0.11786125215442177,-0.09495230915063574,-0.10506462420443377,-0.1304621552764821,-0.09786601609715095,-0.1291170241088138,-0.13779944665302937,-0.1205389567301006,-0.12825447775517415,-0.09170638762719868,-0.12856613521064894,-0.1397174096477802,-0.14380802608972573,-0.12448116411413687,-0.10408538782072915,-0.13165923879267658,-0.10164505026454902,-0.12247940352759704,-0.09775019204779369,-0.08124916348522393,-0.09980534599441751,-0.1007288996672206,-0.10179353998503393
-0.12800194488314748,-0.08735941967702233,-0.10127674182727585,-0.1002532354474339,-0.09632974574222632,-0.12329010104843315,-0.09521758289722736,-0.14365863528986716,-0.11237722498188722,-0.11889003432906185,-0.09623989941466547,-0.09160501864473743,-0.09021216910158655,-0.1215558770552016,0.09082369242296882,-0.09072030902895194,-0.101253459025685,-0.08942460039898797,-0.10255244096964486,-0.11256101746323685,-0.09280979594284039,-0.09247396803467481,-0.09464318868380175,-0.09977340551034165,-0.09706111295419056,-0.09500715239145109,-0.11850105192355022,-0.12852655412808758,-0.13067103851674222,-0.09656119249221401,-0.11899251790702964,-0.10324577225941076,-0.10099334030010312,-0.09388910883993067,-0.0954261902274823,-0.11110988481787963,-0.12134087334491345,-0.10154439350114516,-0.10743538986642534,-0.10545555024850164
-0.12322126640815284,-0.12561980132669945,-0.08755513009550903,-0.12815236207311362,-0.08793159167842499,-0.10346317978985521,-0.10906236860518645,-0.09219029404729008,-0.11175797441173001,-0.09333503400626958,-0.10259550338457675,-0.08693930774142755,-0.12152057854350512,-0.08388971368794408,-0.09652572111013447,-0.10332404722239194,-0.11515173884666807,-0.10765411538391162,-0.08779507487502865,-0.1279389821937641,-0.08619109370476442,-0.08768552264314133,-0.11210174258615398,-0.10422706799264961,-0.1251658615599367,-0.09023208182179315,-0.12344332992231732,-0.083846550455911,-0.08528677818108334,-0.09793625276485163,-0.08676381100373955,-0.1097514062377072,-0.09636209006171753,-0.09971583350692789,-0.12491892676587477,-0.10250213027245947,-0.12047060860121886,-0.09035798633268159,-0.11839315271605791,-0.09033542252241014
-0.09806579351260818,-0.08906897623888069,-0.09851885747079979,-0.11347156215216732,-0.12222283557570557,-0.09215767314149374,-0.10581362507937078,-0.08303860017827286,-0.12006004334672843,-0.12481347805722957,-0.08977736335205404,-0.08965442504742788,-0.11992809667632787,-0.08783944484422744,-0.09009787630575275,-0.10215011371280057,-0.11327834148175354,-0.10048768245246731,-0.08595732688641358,-0.08773524089847655,-0.08669701916913786,-0.08996737864927623,-0.08797319292464709,-0.09398009348497074,-0.10376978824552772,-0.10531637395802135,-0.09729551228739275,-0.11910381755997984,-0.10861587797253681,-0.09432876974091646,-0.10197633845046863,-0.09388959218318332,-0.08444133763386436,-0.09133182786637821,-0.09962339244696088,-0.11280796517467954,-0.09758359977138761,-0.08671652800900023,-0.10431190792536438,-0.09342721864223281
-0.09445957402131736,-0.09985641972544945,-0.12379574640620435,-0.09644672595259685,-0.13078508401218164,-0.10315008781297327,-0.10070420256318513,-0.09916772071773383,-0.13204816659668417,-0.08953795088912414,-0.10203175195995007,-0.09309691548580709,-0.09680469090321205,-0.10447728037030266,-0.10533031025596575,-0.08400282321005349,-0.09530877146875139,-0.120632927601708,-0.11345031036888328,-0.120547695630084,-0.08943138838323147,-0.09896269759568772,-0.09450384603564184,-0.09348794221008476,-0.1220800143483193,-0.09817804229201064,-0.09548075192547258,-0.12160348682741878,-0.10011234097105592,-0.12431410800276475,-0.11360059331406147,-0.1181064926330991,-0.12081861449278333,-0.09771238560874441,-0.09225487008966526,-0.09443634383158994,-0.10238924569493019,-0.0980858139893731,-0.12015940596823174,-0.11625299725479693
-0.1129232897272685,-0.1285450782181207,-0.08507430246458537,-0.09522814358884074,-0.1004230245483584,-0.10740792987835324,-0.09381925028808394,-0.11068841684465472,-0.10467697337928657,-0.09672472546341536,-0.11353089240947103,-0.11949110875110992,-0.09519019017490275,-0.11616384146656449,-0.12078272118069369,0.08700852264954903,-0.13135779442891868,-0.0964013347955007,-0.12152279339045717,-0.1261696348617252,-0.08726569953701765,-0.09449006567567816,-0.13159676290124597,-0.12740667364702649,-0.09998470940754058,-0.09796169531152155,-0.1262335845372526,-0.12282827639202203,-0.09323660544906384,-0.09571279439402408,-0.1324269808657393,-0.12331004730888591,-0.10923705820700998,-0.11158498347878022,-0.0968662201758888,-0.10018226240301942,-0.1310918592274077,-0.09110543484007404,-0.1089178795922448,-0.12556108829959292
-0.08775228569953242,-0.09868538303490895,-0.12465241214699463,-0.1088629025888421,-0.10337250010613314,-0.09903364118627454,-0.09783466121091902,-0.13191699761215567,-0.1126901549868278,-0.12736879268481827,-0.12907417556988002,-0.10282033452076055,-0.12201533815126135,-0.10045049554862522,-0.12433914696297875,-0.09618343175901617,-0.124932816552379,-0.09987167457296241,-0.09242965959538078,-0.13225775047711275,-0.08988014783944615,-0.123944417036819,-0.12409370544947448,-0.09920413018251846,-0.11666493208916434,-0.10459674045779757,-0.08616899317595585,-0.1011356412134762,-0.09920767602602543,-0.09412384860504522,-0.11405323491535106,-0.12975037453712499,-0.11213824590928526,-0.12455769776612981,-0.09790844039673967,-0.12317525784155259,-0.10507479188851944,-0.12373497008242171,-0.12320269793772755,-0.12119935626445948
-0.09827507196371472,-0.10092086082114518,-0.11918337188815988,-0.10086360285230547,-0.12546557241530748,-0.11497222647251057,-0.10113771311279529,-0.09217394647145119,-0.09974319933106272,-0.09527764394129029,-0.08855719516110114,-0.13219746883331382,-0.10103514521776435,-0.117562210259513,-0.0958284900346899,-0.1307797566348849,-0.11807198551375274,-0.1276680790173663,-0.12406953385056044,-0.09884442929503078,-0.12570233409494525,-0.12233879102988782,-0.11295599751894256,-0.10465969146839205,-0.11774417373060517,-0.10078522389652281,-0.08893492373018161,-0.10044392905639087,-0.12360481145450461,-0.10566646227351886,-0.12109014934420481,-0.12272532927659593,-0.12371702767129422,-0.09282889486359158,-0.13348300137178448,-0.12558485760570431,-0.10166337876037902,-0.1265095512962599,-0.10622008377313452,-0.09206682350718286
-0.12412605287957452,-0.0957731411775221,-0.09889484470005802,-0.10177627886642997,-0.12525789559136857,-0.11916949343669002,-0.09724192278896021,-0.0893366034890211,-0.10267097835786533,-0.12401888861829,-0.10135168386895257,-0.09904099328683177,-0.11214308057259663,-0.09805695790794107,-0.09138431238774697,-0.09774772254346963,-0.12718850049113298,-0.12382444520716708,-0.11996352110570929,-0.12312418627964418,-0.12253231124239669,-0.09734948295215731,-0.10781156560179073,-0.09046129524745217,-0.11968428675645561,-0.10239643614656996,-0.11993077745297422,-0.09062333519884393,-0.09871900502911447,-0.10134531554301895,-0.08979440348615622,-0.12100908449369754,-0.11820201807794682,-0.11500943391388906,-0.10508813642370064,-0.09276647630519554,-0.08486145842254375,-0.1251332851749633,-0.08640562113055025,-0.119402436278045
-0.13918868813960478,-0.1021001529717193,-0.08848327634161493,-0.09633037196809541,-0.12133766773088753,-0.11944923984288,-0.10281604249796915,-0.11696821598465343,-0.09505451340990254,-0.0982978042159954,-0.1261496242469229,-0.11695246257632747,-0.08647222614264144,-0.10752325193590144,-0.10187934319420563,-0.12692791183564303,-0.1264895085393541,-0.10356776134295564,-0.1015621861600795,-0.11788519157145508,-0.12213626599052516,-0.130869365569163,-0.14345249305403543,-0.11822126064258934,0.09316157326519128,-0.09829508135919829,-0.11371560355997529,-0.12377032966968787,-0.12085184545516466,-0.1244671194789709,-0.11363242451974523,-0.10466651526059911,-0.1342863095057396,-0.08947837042950206,-0.10134493525069382,-0.13034042657156245,-0.1243654216228492,-0.0934182098378326,-0.09139380207817824,-0.12086766546080126
-0.10052003767630567,-0.1149011982589629,-0.12542929246095044,-0.10928537872147845,-0.09241072640351425,-0.09060415564210164,-0.09494675284884474,-0.11823739945590248,-0.09968910905518223,-0.10181681298638504,-0.09888003986883592,-0.09081402750952097,-0.11396649913389378,-0.12109736259713164,-0.09185393069491937,-0.08946581621594579,-0.09468942470701851,-0.09711149781801542,-0.10709383688632299,-0.12559717579781562,-0.1084707661333009,-0.1094646464034462,-0.09961905184706007,-0.09028460804791752,-0.0951033644042401,-0.09616337090006695,-0.11738387629476152,-0.09691089110878703,-0.09464895473590179,-0.12034303851275975,-0.09185616478065806,-0.12063370978317042,-0.10447590556403563,-0.12386141669910009,-0.09302295167501792,-0.1263762792423587,-0.11793365628223837,-0.128492076961343,-0.10762370132830232,-0.10594631887800965
-0.11688288691721876,-0.09029555796899998,-0.10060241792924501,-0.09441815202513805,-0.11685926369981489,-0.12711142070070272,-0.09168121119431719,-0.10761076977508702,-0.09038129417740964,-0.12187070636344793,0.08984648061324932,-0.09540808464094908,-0.11761158526679821,-0.11306035656340876,-0.09583278698725219,-0.12964554914962945,-0.09754133728263796,-0.120043129775941,-0.12207326409446148,-0.0932890942299848,-0.1104744651193126,-0.10108675118588484,-0.1413134911350168,-0.11489787911168657,-0.10541022068693286,-0.09025706375846138,-0.12041232321203356,-0.10356596912990813,-0.12914520126668588,-0.09497636635917509,-0.08846357375479866,-0.10119628318305483,-0.10552036044109206,-0.12617495110255514,-0.09258662436640903,-0.10559892664842652,-0.1164534788408211,-0.10013488353360797,-0.0969552809560063,-0.09392533828372919
-0.09021534646200333,-0.10056473466524546,-0.10324805577544309,-0.11041131138905336,-0.1261831774551389,-0.1393696734577886,-0.12658230060452003,-0.12470213773446534,-0.1015638051344356,-0.1297537323617983,-0.09049464981974971,-0.10092263109981453,-0.09510860260858092,-0.11829168386187938,-0.10251838829371483,-0.10403383563222329,-0.12497361495023548,-0.12809018029223285,-0.0905693143692768,-0.09539497159266087,-0.09607079793594547,-0.09968210814036335,-0.10712249021658435,-0.12929347819621553,-0.13261942678487376,-0.09771565356465806,-0.09255435307167058,-0.10107033872184065,-0.12381058798635708,-0.12731573245814576,-0.10482943266009684,-0.10267537885945069,-0.09824294290533292,-0.11814393989184584,-0.10950751738849758,-0.11189808422196712,-0.13289339517781718,-0.11869583952539228,-0.10628327365407929,-0.12414966376099704
-0.1279763082754228,-0.12595131619748512,-0.1256990437691908,-0.09844634210322817,-0.09213719296096497,-0.10207134999331452,-0.12313804511245136,-0.12102457252191759,-0.10169411874596998,-0.09539899369612712,-0.10640361950800098,-0.12700221497048717,-0.1256610372656276,-0.13175202608456493,-0.10601917789637627,-0.1029203662259981,-0.1265507558826686,-0.12385359648528799,-0.11770102360644198,-0.11587975453673506,-0.12652626501552572,-0.09181327034577434,-0.10046139544234875,-0.10484326584378509,-0.09952669767285414,-0.12359973498488018,-0.12353146063238307,-0.08904157486863382,-0.12802459793813795,-0.10429237692352852,-0.122209712730527,-0.09193485041697903,-0.12744149283999187,-0.0887536891984564,-0.12251703019853577,-0.13011862478082425,-0.12057828785375602,-0.09927839555359269,-0.0936879575852354,-0.12757297149381952
-0.09697171639978923,-0.12670693108248496,-0.10791130585014543,0.0915761684591276,-0.09884047524083606,-0.10464087087757389,-0.12738219958153318,-0.11968001025387776,-0.09552758231632907,-0.12751585333243537,-0.09548241791576405,-0.12155133464001064,-0.1108221135709068,-0.0893447173275876,-0.11553592778033968,-0.08583811780806781,-0.10436004397619804,-0.0972856916056604,-0.091152502583798,-0.11188568214032174,-0.1158313083742975,-0.09232927170466959,-0.11992446403075309,-0.11585314459192349,-0.13051515442350548,-0.12398327784376009,0.09446532184665435,-0.09664111376105834,-0.10871477094092727,-0.10107210065174888,-0.1255518881953899,-0.1252560666083474,-0.1215739534446156,-0.11888537559503619,-0.09140704702575655,-0.09262561007584902,-0.12005201021337518,-0.11736916241350834,-0.11677024163226957,-0.08795495667590446
-0.09880605926005717,-0.11692627158750579,-0.10335331699438442,-0.09649403310071752,-0.13416081795793744,-0.10861894849246213,-0.10714470732023722,-0.11346070402756256,-0.09961058808607559,-0.12225683062619946,-0.12624593477996202,-0.13194274270982215,-0.09400559445560319,-0.09054276522049823,-0.11537249404813543,-0.11916263726391814,-0.11407846427582691,-0.11063682531113062,-0.12313780649425955,-0.12550859916082582,-0.12850497294264485,-0.10214217776968348,-0.12157799237227881,-0.09942951553075678,-0.0965192599601397,-0.12342167689970537,-0.09760270499362698,-0.11668849468206675,-0.1228527145337909,-0.10873890373924522,-0.09638253233193901,-0.09950139276577971,-0.12750105112635193,-0.12431429785685427,-0.10664094269895297,-0.11947210215498594,-0.10922064091689519,-0.08890103813131539,-0.09362256524301533,-0.09116273916744959
0.08764125953297373,-0.0934660101398875,-0.11036060523777921,-0.12042390302438709,-0.0972129185981351,-0.0901881550614199,-0.09576725206846491,-0.11565665392861162,-0.09864180271479005,-0.0912763558799989,-0.08680222380888475,-0.10433928340205785,-0.08709851337048909,-0.1091205594845808,-0.10587031951360627,0.09308158679152062,-0.0933241163742459,-0.12426421849357053,-0.09521068079370991,-0.09536806375041192,-0.1217139919582515,-0.13003566278142517,-0.10071342627186305,-0.12336493848796856,-0.10229175131740109,-0.11720533183498114,-0.09322836585840696,-0.12246212372150524,-0.1355907424075813,-0.10540803843895319,-0.11218262023526024,-0.09151406229458153,-0.10127048129908994,-0.09277051294758207,-0.1140840014510541,-0.1007534154540699,-0.10915304235022052,-0.09619459889601217,-0.11467862814650347,-0.10516621420525807
-0.09005497492502412,-0.10486680669861098,-0.10425505144454543,-0.09924075860219125,-0.08958785021390708,-0.1161272324194728,-0.10823724381290065,-0.10069265944018403,-0.13075586740897427,-0.10565323897781195,-0.13339554803443535,-0.13148871880752813,-0.12256107239597556,-0.12778574074976023,-0.12026681165868341,-0.10728775112058041,-0.11175987379196886,-0.11402971705472405,-0.11422941200987038,-0.12383710975185777,-0.12793287422148614,-0.09998649263963977,-0.10271227464056248,-0.0995579767945324,-0.09255367382978244,-0.1337848859873419,-0.12807862075968998,-0.11846485138152973,-0.11974317133991723,-0.08973464421097274,-0.12291953499070106,-0.10035238775283273,-0.09691529907557389,-0.09722359131388109,-0.10482322654971582,-0.09667942357011401,-0.09125590150055275,-0.096721614192085,-0.09979903503870712,-0.10993496333178893
-0.10090242847322325,-0.11251174301378923,-0.09656207659143978,-0.09692634275687481,-0.11726575223289748,-0.10041397457912364,-0.09636365283402172,-0.11982590617005377,-0.13206151312713993,-0.09431745660926419,-0.12029142815062281,-0.12950902339858258,-0.1226885810667954,-0.11285005017236005,-0.09681111865820839,-0.09354759901314218,-0.1426042658642957,-0.10508596900587032,-0.09559456826973797,-0.1242405446606566,-0.0968875908838655,-0.11836495743616944,-0.12381176579590616,-0.1164885589167548,-0.11991460030538742,-0.11492245280876719,-0.09700674709814067,-0.1181504620997321,-0.09227303413264148,-0.08775554512449861,-0.10417746179436563,-0.11368040914144019,-0.11913618412202692,-0.1040437562155056,-0.12518162893745177,-0.12544231006249515,-0.09141767915894003,-0.10285441255013443,-0.08967518573805125,-0.10029012670766743
-0.1251186538144364,-0.10142848482308292,-0.11823668722474653,-0.11471209361554435,-0.10086492842768491,-0.12786040145729125,-0.1240239994644603,-0.10362136626186147,-0.1224385324641843,-0.08838831903278599,-0.11187799209458694,-0.09175611789627061,-0.11399383027022353,-0.12027545029054887,-0.09846903235816326,-0.10424687999556256,-0.0948200696598451,-0.09118010329634899,-0.1057965739312178,-0.1263042988262029,-0.12076582782633848,-0.093832084166895,-0.09113390662806378,-0.12963487597089596,-0.095953191519183,-0.09165126927372061,-0.10698748381788936,-0.0950508553233029,-0.10825207282432436,-0.10966841100055714,-0.10153870497445792,-0.09757834554594938,-0.12047455250516731,-0.11514407560824141,-0.10189901692735148,-0.09857837168460196,-0.08951049399407145,-0.10945247400399304,-0.08956914340582298,-0.11817577275377177
-0.08936972554179676,-0.12402875420692917,-0.11402506366391987,-0.09263516729276533,-0.09258923756588375,-0.10359265659274565,-0.12811025079490765,-0.0973174214937453,-0.09325351030849095,-0.12057163381236972,-0.12696368287192764,-0.09650278470305199,-0.0900547564120159,-0.11655128800368415,-0.12281426469568425,-0.09420232797015557,-0.10561769475017545,-0.10094603039326286,-0.0873798451588296,-0.10234278670812863,-0.08969250863923456,-0.11366316310029233,-0.1236405399680893,-0.09748616550802247,-0.1292321161867298,-0.12281649769699733,-0.11874051697586248,-0.10306394936799199,-0.09005935128393984,-0.11979710783138157,-0.10841297224477278,-0.11156152976558148,-0.0984899601482276,-0.12528170108837694,-0.11952046833646904,-0.09088394588012039,-0.0975164157263318,-0.1272075054474305,-0.12001093144461464,-0.10019895659544646
-0.1052306861292346,-0.1037401090656084,-0.10355638893034581,-0.1324039690449656,-0.10545643758467975,-0.12999824540885582,-0.12545046914541708,-0.0980224153477247,-0.09651052586436956,-0.09631241672795171,-0.11401848716130489,-0.09205527200751662,-0.11522180880570101,-0.09350584139418723,-0.0963084818917375,-0.09759037290490347,-0.10072991578642623,-0.09624380395510826,-0.137120975248346,-0.08904792318743611,-0.11383908469818296,-0.12512856674757689,-0.12056402962878608,-0.09644147162051625,-0.08827162248298348,-0.09308366939313686,-0.09417229850285314,-0.10148095515905649,-0.10135029241679022,-0.09814006135596423,-0.0959364420677731,-0.0940181660651866,-0.11263609496898273,-0.0964116405496794,-0.09907812121693835,-0.1065074830857322,-0.12179979744486652,-0.12539782578287345,-0.08616299372574998,-0.09591614602518872
-0.09639674566927481,-0.1261346514130593,-0.10989810392530971,-0.11728709824813033,-0.11849558235184615,-0.1187871881688304,-0.09875592153660208,-0.11971135136372851,-0.1032725572629258,-0.09333847989314716,-0.08975263873837827,-0.09774985573964573,-0.08475259760600658,-0.1151300377142213,-0.09526381267899661,-0.09971106976423232,-0.08904088542993055,-0.09383319798242842,-0.11233493744019085,-0.11974179725181423,-0.11937097977638333,-0.11152868981298977,-0.12414101397515323,-0.13638094899249306,-0.1234969221827769,-0.09712570973744566,-0.09364608873489445,-0.10196784757492797,-0.11871912917108106,-0.09436697683358201,-0.10977576087628205,-0.12681711994951023,-0.11518819291963078,-0.11366295098112518,-0.11177987289104827,-0.09403482729773249,-0.11633599354999455,-0.10141021247645507,-0.09106361560148668,-0.12559367474478222
-0.09392952473159163,-0.09501611626559012,-0.09818103038779102,-0.08452422666685383,0.08539568304773909,-0.0931408463151582,-0.09303784273403462,-0.09395465162569538,-0.097020715510961,-0.12609057512632288,-0.12486389538149928,-0.13039529481424267,-0.09940319492393793,-0.0852116651542548,-0.1234951911854048,-0.12936649710209552,-0.09728243747312659,-0.10643834651731252,-0.12256362632778486,-0.09497028904129448,-0.09556525582838492,-0.09466281787455387,-0.11808897305752603,-0.10168314370121334,-0.1016292868115261,-0.12265087932292704,-0.12183158533918123,-0.08915710563090522,-0.1105889557774691,-0.11961169552439145,-0.14298776990502912,-0.10448967285593164,-0.12676839681506435,-0.12331534178532394,-0.09308695865325839,-0.10221645658379121,-0.10080539295974339,-0.08963857776729484,-0.10541288887252263,-0.09575307621411057
-0.08463610666329918,-0.12613207812890065,-0.09649326622444843,-0.12254209665211817,-0.09591399140975032,-0.09417651501942147,-0.08989502834785032,-0.12717118948460643,-0.11925299473867107,-0.09846860472373181,-0.09669391315382775,-0.11971728172737281,-0.09596431411758935,-0.12467074405215053,-0.09353515208405447,-0.09969606830812616,-0.09219849918420847,-0.10054856870744196,-0.10968041877592927,-0.0864629682953669,-0.12625934437362715,-0.117702400990717,-0.12937554036150112,-0.09977432294001919,-0.12598729141738588,-0.1272992216159745,-0.10058856865536617,-0.10989085134208232,-0.12507440304083411,-0.11119428298305763,-0.13393702657524656,-0.09989251921252328,-0.1286993822393346,-0.09814975562255998,-0.10369925156444944,-0.12153633612679712,-0.11879752953594674,-0.11793684379008718,-0.11802309615935228,-0.10325602889658157
-0.1168733968445789,-0.09573607562594527,-0.10295168932903684,-0.0902446481439923,-0.11289544074443034,-0.09363673553669587,-0.09444537377050506,-0.11853545412501602,-0.11844378328161134,-0.08630217059815558,-0.10107991835583337,-0.11455338823921207,-0.09863767717015279,-0.11757966452127934,-0.09306817522904669,-0.12171032013739272,-0.10006019901216429,-0.11528635818463367,-0.1230760824057335,-0.0871912915359828,-0.09336752382398109,-0.09829506255271281,-0.09205985399161243,-0.0871448950449555,-0.12426400123364176,-0.11986325936227943,-0.09787712864835658,-0.09565099793280743,-0.12349956143460486,-0.0912952842671176,-0.09004009614124113,-0.12586080137552524,-0.09792004758434274,-0.11390527827340363,-0.11959475412713814,-0.10528808576204406,-0.11229602130336272,-0.10322925019699697,-0.09684435679119183,-0.09714241359847432
-0.0938468122709244,-0.09252229098519774,-0.11973017145201932,-0.10151939819084302,-0.10410136171198384,-0.10212595952713174,-0.12445303330406751,-0.09165176366586303,-0.12874195328853577,-0.12090918654860608,-0.09767799964368991,-0.10542897419828126,-0.0929636831329199,-0.12676884897487092,-0.12543444662360312,-0.09902589316511522,-0.12059057608198576,-0.0970686769744115,-0.09871349861308194,-0.10113620775562329,-0.10341782949866452,-0.12526277671971683,-0.08925242978266557,-0.11489468067289928,-0.11077964334593891,-0.10821949462363932,-0.12329663656555771,-0.09391107832157403,-0.10322980736564172,-0.09311085585061922,-0.09351550625827654,-0.10149765417635773,-0.14257639545788256,-0.1251267835630812,-0.09341301757584178,-0.1045883746682997,-0.12825055021715998,-0.0923109591051329,-0.11715466732009258,-0.1082553169762914
-0.11351139161648588,-0.11766731052810307,-0.08967189082104268,-0.11490216902965712,-0.10303513663447184,-0.1193130772755137,-0.09127915219771217,-0.13151013729523284,-0.12587727561070342,-0.10129503942220727,-0.09692342714493732,-0.12463805462080277,-0.09000787059741977,-0.12805605040355517,-0.10964122670770532,-0.09400838974022764,-0.10370893961658377,-0.12215406234789501,-0.0912028999250888,-0.1285285723156339,-0.10977595019241265,-0.09211594997157099,-0.10079630673562026,-0.12864342979811072,-0.10064894651635993,-0.10263104324917101,-0.11924166514594502,-0.0941240271723153,-0.0936884650941025,-0.12518229373546452,-0.11539783890787872,-0.08867244705343864,-0.10177503084963772,-0.10057035887436312,-0.11120706526002005,-0.09415531878676078,-0.11988220134604494,-0.10080208369947627,-0.09069421887592423,-0.09707819493945066
-0.1121575946277295,-0.1276137633015961,-0.09284460380155096,-0.09658463502377097,-0.12278035423685173,-0.09619766731855152,-0.11983187321496015,-0.11070897426688053,-0.09150931051519726,-0.10533104514532288,-0.11611892803385296,-0.11737480709655047,-0.09760007990230002,-0.12593318763347847,-0.12051353572733332,-0.12125142867493477,-0.09630376166199736,-0.12381075603431461,-0.1037501075485486,-0.09723381411704586,-0.11147101147150332,-0.12152811347263662,-0.11896078419991302,-0.11782906133782794,-0.1115594414683978,-0.10419971997984745,-0.10497162409594196,-0.11681210352463585,-0.09493462363083355,-0.12173092322991062,-0.1144133053286331,-0.09634497769443942,-0.13697132890689093,-0.12811706482768936,-0.11680738073455207,-0.10012702760866687,-0.12473610929904425,-0.09240721962446594,-0.12123378468192789,-0.10979139269133519
-0.1360474753372153,-0.10877494824803491,-0.1021306973146381,-0.09180457698054385,-0.09881893640338586,-0.09942286399546638,-0.09849398966988401,-0.09221067064516311,-0.12130723954446324,-0.09196317724818735,-0.09853857433409607,-0.12296850731245107,-0.10028968564496352,-0.1244104681533123,-0.1040817495476846,-0.10132751642542945,-0.1005265956915794,-0.11414428977348369,-0.12365617087041648,-0.09469688429968628,-0.12543163621482512,-0.11541737577408168,-0.09609875148552785,-0.1172043948230844,-0.12073171520707825,-0.09487660095575806,-0.09373762257769241,-0.1013495071731722,-0.12290679328348371,-0.10311941915851527,-0.11064853616298734,-0.11500114997830456,-0.09542615424047628,-0.12251830945465361,-0.10332583446284031,-0.09205305660602499,-0.1021278570675752,-0.12562300243979907,-0.09113839721292899,-0.1254069234869125
-0.10390821958582112,-0.12152494536508093,-0.09654784568465383,-0.096083427695116,-0.12461222472450141,-0.11824447416413247,-0.1022758389697388,-0.10414425190063403,-0.09229474910091613,-0.09296003058349761,-0.09975570254259786,-0.08958898799667293,-0.09642333098893698,-0.12312788384107878,-0.09482940113882386,-0.09241289592123704,-0.10709938593770914,-0.09789781593330577,-0.09933637711310783,-0.0941158645431251,-0.10007061179453405,-0.09706014531783058,-0.0976336754368456,-0.09849415898121706,-0.12602993746199168,-0.09409293216315595,-0.11363824603480037,-0.09726612653037493,-0.10844905454952111,-0.09264297808954325,-0.09409237182883821,-0.09819626781393197,-0.10462596702713887,-0.11931981720961884,-0.09569332534731535,-0.1166005215476584,-0.09624477398252522,-0.10400492678909902,-0.09984006758555222,-0.09322151629072849
-0.09955572224329115,-0.11413051011500183,-0.09472294626494508,-0.090146080444761,-0.1111117186761606,-0.09276290378846544,-0.09608776566441438,-0.09232088912858427,-0.0900114551029832,-0.09420042517747389,-0.12319591285026148,-0.12532965544556507,-0.09387023805132214,-0.12370424001936797,-0.12152473952312542,-0.11563881287903677,-0.0933360602762924,-0.11847140749813556,-0.09230493683888227,-0.10239979829333115,-0.12699045329334774,-0.12133287388931577,-0.11749620831765253,-0.11207935110421591,-0.11227783109539682,-0.08804117135981651,-0.1268921798799471,-0.11141641306879575,-0.12221683210174439,-0.09545503941581754,-0.09108653690419125,-0.09504870992067724,-0.12775283311467167,-0.1413472351175332,-0.09678726704134921,-0.09123673749881307,-0.12408452876986321,-0.12261963331493277,-0.1268413199491356,-0.10791014300476096
-0.11186434750204564,-0.09585174636452148,-0.12059161598200621,-0.11575829618565077,-0.09277852044464861,-0.09736188701722773,-0.10441693366575944,-0.13799800364645182,-0.09862688837655784,-0.09536501409542758,-0.09421048624269261,-0.12057283912849609,-0.12076071063492408,-0.09858750668729112,-0.10230554695994966,-0.11651014343504158,-0.1055353534656055,-0.09468950308826535,-0.09492281592792783,-0.09477022156255228,-0.10128765928511863,-0.12347530229135842,-0.09042339663977617,-0.09495238404927125,-0.09852211541586069,-0.09883175180257693,-0.12305228381872924,-0.09210842348968667,-0.12616362122320499,-0.10443329116937476,-0.12178184938463735,-0.09288305968602568,-0.12482506625976979,-0.09294836454364687,-0.1234224029072542,-0.10254507980670982,-0.10213384245725385,-0.12084466815411365,-0.12336045278875298,-0.09737153745665135
-0.09574671120466974,-0.09326558457617166,-0.10167359954717364,-0.09493902441283629,-0.09055173133669542,-0.10206284113936237,-0.09747398649888905,-0.12804118118121025,-0.10251046474355634,-0.11305273726424087,-0.09382712754965589,-0.09945627275208824,-0.10061759078661625,-0.12333623080998384,-0.12125470572959822,-0.09323432455841041,-0.09501752392091692,-0.1264905947106651,-0.11355864281838783,-0.10472511485730956,-0.09069163537363714,-0.12094215164885788,-0.09358890624338986,-0.12280155031319048,-0.095966446491747,-0.10248027979896226,-0.0943610558981307,-0.12226717754008323,-0.10198478184971477,-0.1264443946926862,-0.10209000853027536,-0.09612051766225119,-0.09040117608352448,-0.11273676214042673,-0.10941483898468667,-0.13885012115173145,-0.11525326099202439,-0.12934688508025144,-0.10276873577447926,-0.11306666751044211
-0.12923631230179763,-0.09295261641686148,-0.09189570959983143,-0.10821950292965277,-0.10633717948765628,-0.09935468827233977,-0.09479015505039452,-0.09056597514611231,-0.14251588511534635,-0.12568562562897287,-0.12054793766051441,-0.1230508078929726,-0.10406243539817066,-0.13011991733814532,-0.0938886058034581,-0.09405204973991839,-0.1228577706489217,-0.10337111141158253,-0.09644503997089585,-0.11237991727264647,-0.11404725185764567,-0.12713451113131274,-0.10962579755411658,-0.10215691685721572,-0.102958900460853,-0.09323513063126164,-0.11446796765808018,-0.09463709989286845,-0.12323450038382328,-0.11384595375087728,-0.12732365279870755,-0.12099041076306788,-0.09393468415695246,-0.11458469928868745,-0.11941863936265222,-0.09678870081235254,-0.1262538336919702,-0.12605151816273802,-0.13509531528323593,-0.1045933860895944
-0.10176137922675967,-0.10302908369425665,-0.12166367147862071,-0.12652292393149128,-0.12165323294211007,-0.12217774595272811,-0.12707365978499774,-0.11357819744992309,-0.12104431174922788,-0.11103573603713313,-0.12325243395272538,-0.09818662467831021,-0.12318225537280068,-0.12406904127207508,-0.11620960346976758,-0.1009230159970407,-0.11334581691893802,-0.13389366490026067,-0.10360439879169245,-0.08985370018446355,-0.09193679112735328,-0.09833952906452612,-0.12375259602290847,-0.10592362016494604,-0.10492419714307548,-0.12328526068269074,-0.09606939264459284,-0.11327190004490775,-0.10129103076640149,-0.09514661669391275,-0.11472270162129163,-0.10121624273354402,-0.11023308481933683,-0.1025106858764463,-0.12788673512380816,-0.1266567179999915,-0.10265351949558252,-0.1227798957272847,-0.0914683261713951,-0.10867779260595922
-0.11524258964342614,-0.11671675758890038,-0.131879860462944,-0.12543553358346649,-0.1130194585275164,-0.08989740892259676,-0.12831596059376504,-0.10228589418816568,-0.09336479625441133,-0.09011268128015142,-0.10137464511746438,-0.11314688189664404,-0.12476352529916923,-0.0881751324452598,-0.11400708071711049,-0.09783256956790136,-0.12072488566187187,-0.11524882068766706,-0.1454280100356518,-0.1006208408997199,-0.13039223003093384,-0.12448095868330941,-0.09838556826992347,-0.09981302749886051,-0.09740039117906485,-0.09596624724471216,-0.09681406006573065,-0.10119866747136838,-0.10228029785722684,-0.10466047537066067,-0.12673805200366647,-0.0905059604523051,-0.11784966712902069,-0.11423010728564006,-0.09361326336231107,-0.12356966128361574,-0.12450142770226574,-0.11046992077028917,-0.09929480333590586,-0.10570169567112175
-0.09551367029901185,-0.10340912342654529,-0.1253685157477896,-0.12987516860729903,-0.09274594241397677,-0.12565226494367315,-0.10010500476039064,-0.10425261092542337,-0.11432921638834202,-0.10248978847031877,-0.1171294676373054,-0.12444891771864311,-0.14095229777052393,-0.10135154651337579,-0.10567166993879809,-0.1024735413427395,-0.09362078679663469,-0.09603968152613207,-0.10446120145382369,-0.11950910960766775,-0.10422485815120469,-0.1046179747761484,-0.12585968337389214,-0.12259879008741242,-0.12458414718575513,-0.1106770581062804,-0.09952609131715252,-0.1055304915695807,-0.10593000907743828,-0.09707956569530336,-0.09783965535028627,-0.09592613569054655,-0.11851204147223843,-0.12693456967344605,-0.10099552329666439,-0.0969053330734862,-0.11378562495675382,-0.10741534904814246,-0.12088691538657892,-0.09361419172939765
-0.09850243384833646,-0.09252197444251206,-0.09345085399561534,-0.1241569931460546,-0.10043880163710993,-0.12047571608369784,-0.10702679471443857,-0.09812309395320805,-0.12449289703611544,-0.1205190678008688,-0.09327223838004862,-0.11787783903233517,-0.09915373627782939,-0.09041572922585961,-0.09066654313508227,-0.1164729015336213,-0.11766763813011327,-0.11789632981841178,-0.09387435461795374,-0.09008679062640308,-0.11377803016818111,-0.1241607806010466,-0.10366851077737181,-0.09708080276102246,-0.12236232540828051,-0.09458070243138658,-0.1239536321478445,-0.12015544131163114,-0.09233253955817543,-0.10241582424821172,-0.1269045793258551,-0.12048525582627455,-0.10014410775450254,-0.1122016762891476,-0.09125982799788024,-0.11847462053593474,-0.12577974519276977,-0.09267956698428578,-0.10504117097948389,-0.12658086080539407
-0.09348102702031169,-0.09245455954553708,-0.09760595554315933,-0.12887830432750777,0.09350677825842149,-0.09233065882594696,-0.1074036360339288,-0.10212581778973359,-0.11965367244096178,-0.09276209828052168,-0.11077558428054685,-0.09149089434724408,-0.1185014815884264,-0.09179466558593447,-0.09273235307812078,-0.12387066484142677,-0.11251447668745715,-0.12406847004831674,-0.08901911957640707,-0.13981173308394823,-0.09914901388084578,-0.12268388511167144,-0.1232414961220333,-0.116972586619518,-0.10001971373768533,-0.09826211494774566,-0.09679755113874086,-0.10044245561267877,-0.1335026954220475,-0.11575944176352687,-0.08543371992886342,-0.1261196580683097,-0.09707663496158958,-0.09627544383404063,-0.09304131884144129,-0.09941357111925467,-0.10948319158570244,-0.11354607537410792,-0.09772900125545046,-0.09778334683526535
-0.09374946583556387,-0.10688778689096623,-0.11650614557275041,-0.11911739466367739,-0.1253907415719462,-0.13222415981595897,-0.10414198020524784,-0.11973274610839929,-0.09034065051040158,-0.1227583033440914,-0.10033982863352264,-0.10493199650517938,-0.12619781613593972,-0.11282285218462376,-0.09262038675894399,-0.1212392317754382,-0.13142752057349927,-0.09500998927911466,-0.12122757570546068,-0.09877827929891886,-0.09841706725497804,-0.11555445558386876,-0.09998539082212712,-0.11383624365553552,-0.1216270471256414,-0.10157035168111815,-0.08992092294291616,-0.10008585758824248,-0.09842039329008363,-0.10170983516983129,-0.1268759519680492,-0.09162203036232637,-0.10725673949562022,-0.09206519072572994,-0.09046228264357783,-0.10331099674110229,-0.11294712900669465,-0.09337129733010074,-0.10149208507953462,-0.10236177107688631
-0.12390578745252499,-0.12382720497966146,-0.09136433690239532,-0.127139413749438,-0.10087647644955708,-0.08910819041136636,-0.13083680208439769,-0.12461534991842983,-0.09042072761693778,-0.09489472417909606,-0.09722423854752824,-0.10562039041221992,-0.0917329950892754,-0.12073376842848177,-0.09382975385657566,-0.0987578564031775,-0.11542397372366954,-0.1022047096101697,-0.10267988994884109,-0.11863704371256109,-0.12050898023072316,-0.09522286073553199,-0.1226994321083366,-0.12066718955782851,-0.0995803950741464,-0.09738319922622944,-0.10360829681053416,-0.10666356939553785,-0.10088822788249327,-0.09289117622920169,-0.1205871198018518,-0.12314055274597685,-0.10653292849579382,-0.10237895301061264,-0.12165990298432278,-0.09524605495659125,-0.09240156954375454,-0.12721082741953035,-0.09151740818538764,-0.09844583045280725
-0.11646324467419085,-0.09539316557842516,-0.09618047587661346,-0.10289437466108081,-0.09545998558376048,-0.09781333867609726,-0.10986630933342863,-0.09433928182780177,-0.10313561482313852,-0.1251459048964761,-0.09864336612821711,-0.11453773031588431,-0.0956258446283684,-0.09684548085126587,-0.09112325377420077,-0.11368152572227859,-0.10387214746139165,-0.12403955361880947,-0.12198046452580771,-0.12210519410552374,-0.12268935204239992,-0.12222348817803788,-0.12011023506377178,-0.12722343640016445,-0.11997185095876858,-0.0901612027684949,-0.09176808372886934,-0.12782405237371186,-0.09492337397841359,-0.10010246674073713,-0.10354291288361414,-0.09493079075131083,-0.09816292546591183,-0.09971418171726357,-0.12911486637697867,-0.10160053670148658,-0.11619561813003729,-0.11816433832809352,-0.09342917345691745,-0.10051065062506816
-0.10750532959818236,-0.09614246964671541,-0.09234028728789674,-0.10335745432494975,-0.12383607765158258,-0.09284613624910601,-0.0998885756217534,-0.11602002375342377,-0.10349540402525426,-0.13259400989157774,-0.12587019396083254,-0.09068875503808438,-0.09984854106643999,-0.12704652811403114,-0.09459532290531043,-0.09174664546420058,-0.13011735698112714,-0.12257464423635078,-0.10488719923080762,-0.0950020742426833,-0.09170132618403788,-0.10331664953072175,-0.09086265301194316,-0.11410136337215153,-0.10367077781853781,-0.10166363056892336,-0.10063415428019751,-0.12617317158250274,-0.10313585160499275,-0.09639751850644156,-0.09541998723001999,-0.09427226241811595,-0.11182621847646054,-0.1139790028769775,-0.12022068803859548,-0.12138719619854552,-0.10349542802315989,-0.09337644773188473,-0.11140306461503156,-0.1337462265839518
-0.09737379852563309,-0.09640969919207665,-0.09375639913995962,-0.12343219485481072,-0.0932589931684019,-0.09327297065799924,-0.12752973437894813,-0.0988231725697612,-0.1255313367509743,-0.09339911357743123,-0.10806269429938475,-0.09062618534411288,-0.09657903542179273,-0.11010343206727768,-0.12187844223343063,-0.11364255681670216,-0.11216211678184435,-0.09504038807482758,-0.09069125930569626,-0.09829919478469769,-0.1106452143461456,-0.10338152489034941,-0.11973430178342763,-0.09693977959266063,-0.11516932319335346,-0.12458330329783415,-0.10455141699222403,-0.101165176958222,-0.1049637106894411,-0.10287032935569829,-0.10343012124259206,-0.12471283149055043,-0.12369797278499887,-0.09528779769453027,-0.09297567619861082,-0.10306817688930182,-0.1085874514260865,-0.1105493233410682,-0.13014488667988755,-0.09868656719175915
-0.12926297592566938,-0.09108247778246761,-0.12475192819818079,-0.12200559978025995,-0.09312540129851055,-0.10512705210637188,-0.09865000563041303,-0.10624838913064862,-0.12842390045838442,-0.12278462232452794,-0.12271768078310187,-0.09640077767639582,-0.12601019285099754,-0.10450020258589485,-0.09194393847020815,-0.11756310355516797,-0.09098235783220344,-0.10317790021679392,-0.12458150171311988,-0.0971824740099643,-0.10896528727450273,-0.09721730153825796,-0.09083305272879183,-0.12405616385128529,-0.09103835747247953,-0.09693987251720855,-0.0912586825690399,-0.12453296677816361,-0.09220772996372652,-0.1257451117736606,-0.09001346986158121,-0.13161215407048885,-0.12419013285556589,-0.11752774941486162,-0.09754832181389587,-0.1251519957457441,-0.08910046633897437,-0.10331284738804747,-0.09126729330163331,-0.10832162630050575
-0.10588489003580123,-0.09396176264374156,-0.09065144951074978,-0.09959126184349532,-0.10204111167420143,-0.12277307807220061,-0.10478918065848002,-0.09159819407306347,-0.09689985472728518,-0.09409570383434547,-0.11884182778966568,-0.0952317578840679,-0.10297151687541059,-0.0938992062929381,-0.10454574943141402,-0.10115292696506833,-0.1075332245961943,-0.12579960894133574,-0.09430401395586405,-0.09461637100581478,-0.10362000509247647,-0.09374275550190023,-0.09484999559362955,-0.09241997013213957,-0.09174954554328842,-0.09367318168313465,-0.1398883324073791,-0.10684962439716623,-0.09577058246587031,-0.09734036966540405,-0.11724630470563042,-0.0999232985987967,-0.1260754939399133,-0.10155673349729849,-0.09265997772364333,-0.10183597502129586,-0.09762134700714023,-0.09806645349642776,-0.09804283649293534,-0.13480013240906014
-0.09901855695451184,-0.12529251538248706,-0.12319368323705132,-0.09369158150027326,-0.10766544172611232,-0.12977339137634505,-0.122359329234227,-0.11511048643412805,-0.1025751267902734,-0.11787760125707306,-0.11298109503698606,-0.11427675680069523,-0.12068664777984861,-0.09710068094004987,-0.10364424609740498,-0.1250141531486796,-0.12353259389673489,-0.11581502391667692,-0.12528716737784892,-0.09452660283013023,-0.09131474257358671,-0.12266677472973612,-0.10115045367793157,-0.1415938841078571,-0.12250872107900976,-0.09448369347760109,-0.12271542074042444,-0.11462000061596694,-0.1354833552747557,-0.09906649462428926,-0.09551525472480848,-0.12804545443820325,-0.12925419210071573,-0.09743847855437482,-0.1027240326703232,-0.12640002845872833,-0.12839758407913582,-0.09049074305092049,-0.0958090625006635,-0.1247554099422735
-0.12557258294526252,-0.09191907439421025,-0.09275564328586726,-0.11939966082031651,-0.1117023001449041,-0.11836713454806755,-0.1075453269169568,-0.0953966711707657,-0.12237864470775317,-0.10296801366083676,-0.13012979261280988,-0.12307325295488396,-0.11110831257260353,-0.09150989578614926,-0.11308382332169119,-0.12301625084178106,-0.0913375458545119,-0.12199503689728303,-0.09187013628577008,-0.09721894357960367,-0.12736995243345534,-0.12501228868342684,-0.12213513564595074,-0.11152025968937379,-0.10064235203196256,-0.09730226043140981,-0.09746853366617457,-0.11414886771481339,-0.11798221494286641,-0.11727305829795522,-0.09757258708686173,-0.12678838931371997,-0.11359084664843802,-0.1006727537006801,-0.11987235532195863,-0.10940905245041385,-0.12043305453852916,-0.10865175957626359,-0.09485409393495287,-0.09469759850625092
-0.09764218419539634,-0.09124644639050937,-0.11661140507226503,-0.09295095129598337,-0.12267404411140745,-0.11660796907060689,-0.10264617347890023,-0.09685018637717566,-0.11115064225156626,-0.12532010774045738,-0.12257227981674282,-0.12207537832460215,-0.12443345597587702,-0.13045766199722023,-0.11738646937917638,-0.11471867266430784,-0.11126783808043947,-0.0970305123322459,-0.09495110083511235,-0.09170625402608144,-0.1253041787873987,-0.12119767674524459,-0.11538955446054772,-0.12169871531564391,-0.08998986370763656,-0.09667073818861233,-0.12059674211771826,-0.08884754808405763,-0.12282031872308558,-0.11573398012910091,-0.12578231914793786,-0.11784662553960076,-0.09514835166529562,-0.11584351595264956,-0.09823522848915352,-0.12689056402044818,-0.10139394504342467,-0.10027350299703675,-0.11870676314878002,-0.10451992388702477
-0.09110620416560111,-0.127078971345559,-0.09847203584079628,-0.10248169733293783,-0.11242511005730677,-0.12294362696365477,-0.10381326545533404,-0.10327811884989083,-0.12749074615803382,-0.09662515813882516,-0.11648215041394952,-0.13276641106382553,-0.12676685596479106,-0.09017920650426715,-0.09379273659345552,-0.12702584455390745,-0.12598537104924298,-0.13387496207664668,-0.11411685631562907,-0.11852057940962193,-0.0951707190839439,-0.10785660714331714,-0.09982858924797611,-0.1019509219553949,-0.1213743452871444,-0.11931267080511677,-0.09353563346040938,-0.11960837027042895,-0.12689348753765728,-0.09893360278222137,-0.0930138530719282,-0.100485279217808,-0.09838375689094116,-0.1010732283001175,-0.11598729891493728,-0.12273421298067845,-0.12341204931569427,-0.1191794717734339,-0.10054300453180014,-0.09563941066570114
-0.1206670813681787,-0.11818196125559022,-0.11627462025164925,-0.0919059844668716,-0.12099252710867128,-0.09116064686307056,-0.09923025618268334,-0.11757621386644404,-0.11496075365368405,-0.12071218975809889,-0.12040323961177377,-0.1273307224022485,-0.11161769032558778,-0.09251878883278328,-0.10152823931907697,-0.09911620603799105,-0.1055269511761743,-0.09885817915603423,-0.11147600242048543,-0.12433477890966489,-0.10643998614673254,-0.09934048487643464,-0.09434414103043215,-0.09383854904758786,-0.09479247269074789,-0.10080649019146415,-0.09401688074038267,-0.12903569945745536,-0.11321868100365748,-0.09484343600355825,-0.11661438030427965,-0.10038953578130487,-0.12339736319998452,-0.09439650779533147,-0.09425879533471675,-0.12639527045236149,-0.12732842740665723,-0.1293463163522408,-0.09686129649084865,-0.11390973267421217
-0.09749001347113655,-0.12323172453427095,-0.09410114893213894,-0.0900254309636691,-0.12547987637085145,-0.10164990067853194,-0.09164306511300473,-0.11586788784945334,-0.11865171375940753,-0.1119546812371866,-0.09571193222883811,-0.09097504875181309,-0.12036220831394431,-0.09820145855886435,-0.11938633353603437,-0.09494324944128929,-0.1314877002639684,-0.09449429138324815,-0.10372892937712536,-0.09971933483139431,-0.13231086864557012,-0.1020309159517305,-0.11807076914145401,-0.12808166657462003,-0.11281324036099359,-0.10269360747566175,-0.13573252570146982,-0.09068046828901781,-0.12589138068705,-0.10179726442308999,-0.10788221494176409,-0.12298126235231907,-0.12669902473966804,-0.08940070038159631,-0.12362020464117847,-0.1020048535787312,-0.10039085828083621,-0.12035605524834977,-0.09414964024054075,-0.10604879341051107
-0.08987560099537088,-0.10145790452404058,-0.08625223381030298,-0.1249967007016791,-0.09609912843850521,-0.10514732359250842,-0.11095230982724343,-0.10106773972857439,-0.10847682071709518,-0.11919481430273286,-0.11469308589265129,-0.12315975677718397,-0.1281754356453119,-0.09355375015928484,-0.11980574888768356,-0.12891662668932108,-0.11431202307887446,-0.13161040557134004,-0.12103527753335414,-0.1255883994679639,-0.10002154533739055,-0.09120334459468182,-0.11425144463496323,-0.13026131644685585,-0.121724467811401,-0.10622354326912767,-0.10010783252895533,-0.1222891701964885,-0.1022017893833285,-0.11210050269774327,-0.12645433292837577,-0.11979095188084952,-0.09548275635200351,-0.09544072103497525,-0.13651767102863524,-0.109106941066312,-0.11588960207573754,-0.12874395125821353,-0.11325985154577833,-0.0937019932238036
-0.1216486384025723,-0.101019351551035,-0.12218867259737917,-0.11409693856035666,-0.1232514128538336,-0.11644095301133955,-0.10154708923407027,-0.09144418012790831,-0.09314999677613268,-0.12212273688439787,-0.09931615979331734,-0.1005722681826424,-0.09931837053644055,-0.11697954259586774,-0.10062603622031002,-0.12519448611809658,-0.13723396068088883,-0.12334591774522534,-0.10136983299609004,-0.12380323900419796,-0.12360223867888684,-0.09525103196825473,-0.0980481437749304,-0.12164324093928511,-0.10356973184369642,-0.0996558739324062,-0.11336781965659899,-0.11028427340653522,-0.10027617524037263,-0.09610602561072194,-0.0907892672374794,-0.09629268634264183,-0.11863607401448045,-0.0911361386135851,-0.09329801047604802,-0.11680616548987867,-0.1040566706841043,-0.10132982147698222,-0.09855773553727928,-0.09389669599294348
-0.12881622327884037,-0.11904448259946464,-0.10247520005454808,-0.09552451788176891,-0.10616951860336618,-0.10482405431109174,-0.12176683740922725,-0.10378743967456598,-0.12402971946075697,-0.09443343508346363,-0.138847855416355,-0.0933329090221916,-0.09658659917698106,-0.12287159899902719,-0.1240349663701843,-0.10352373632886917,-0.10593203409165738,-0.1288637470021986,-0.12055625470547396,-0.11474133934469304,-0.12358342734212563,-0.12731679553335523,-0.09287808875684977,-0.0902142817100572,-0.09627669706749015,-0.10096992291109298,-0.09885729791322626,-0.12452346269491862,-0.09763111096597918,-0.14061563289613857,-0.10421935852849701,-0.10206449782548642,-0.12428209062778806,-0.0972422474904714,-0.0914479653860722,-0.11706343561199657,-0.10870219519389379,-0.09955944288625537,-0.13009039639998365,-0.09664981836298395
-0.13286058367027376,-0.12049972874723747,-0.12828068615698032,-0.10428457700590546,-0.1034822486828957,-0.11687963836423987,-0.09029385559743686,-0.12209139922251586,-0.1004121562531813,-0.10226012740615778,-0.12191342477301026,-0.10357153901333724,-0.09682956688822228,-0.12201432073936364,-0.13200882098291772,-0.09516513648696923,-0.12282894521056362,-0.11975041263798435,-0.09004771719415425,-0.1039173925542951,-0.10683585719789872,-0.09703477171184993,-0.12150926612369316,-0.10159175486833913,-0.11810837223641141,-0.10583153545638954,-0.10401370028664914,-0.1343050142282337,-0.09995190117964665,-0.09117313011432254,-0.128939764289004,-0.1256127814947508,-0.10156522585507056,-0.09433369065728595,-0.11604867601723212,-0.12257256451395603,-0.12481204038160983,-0.0983090255787446,-0.10722570833098632,-0.10591740218709392
-0.10612757588713619,-0.10570966308502987,-0.12348972826456026,-0.12840803274891815,-0.10279835843084431,-0.10392466556438884,-0.1065075700379669,-0.09437080626313335,-0.09778967480839452,-0.10016952661784889,-0.10261000254469288,-0.11358385253156064,-0.09225467179230604,-0.12608296907747205,-0.09981484719325207,-0.130481739337418,-0.12055033641630217,-0.11602679463555521,-0.09094202356862402,-0.10145836929437026,-0.12264899631148461,-0.09988760777307124,-0.12782091902261053,-0.09391019071600809,-0.10021600819998436,-0.10761815473278874,-0.11493935654750673,-0.10440893235311613,-0.09643673922513865,-0.10194127195594264,-0.12094346151501345,-0.10121167312072307,-0.1328308758112981,-0.12312211519474454,-0.09302110460306118,-0.12042940059547638,-0.1176068047429293,-0.12949135111125792,-0.08832672022475034,-0.1158526440707652
-0.11649050149158345,-0.12532198046214177,-0.11356082343544416,-0.09342316956909488,-0.10058871061708535,-0.12403216655669844,-0.09991016056796255,-0.11644422608271623,-0.1112745046636085,-0.12324195182447069,-0.1016339655790533,-0.09353522567793596,-0.12368705678629101,-0.12482272202777005,-0.12824525105736265,-0.12302857809168406,-0.13444688578659075,-0.12262605052521756,-0.12849748617795312,-0.09379961099348735,-0.11598916935573424,-0.09355365124376783,-0.09294950550105052,-0.09474575893459106,-0.09904603093888145,-0.10428159845014322,-0.10354812712515524,-0.12195910299783495,-0.13800417016130512,-0.1274110467558069,-0.11491059272187454,-0.09908840824869097,-0.10444970740531324,-0.11745881225914813,-0.11336320634101757,-0.09108748520353191,-0.10668527047617629,-0.09575567491313892,-0.09916744505475907,-0.11242235282995039
-0.10058849920618317,-0.12237647364404243,-0.10470543723288436,-0.09573669395738484,-0.09717294189523706,-0.0974816337412288,-0.11709379600125411,-0.12286691600635516,-0.11568426696601886,-0.12716484464307454,-0.09858875627082644,-0.12656983585324905,-0.09764833622502958,-0.10015135451223064,-0.09646258241496912,-0.12326960434899395,-0.11833312699043419,-0.09787732005872084,-0.10518237530237876,-0.09249048906914004,-0.09131261247484959,-0.09515652599640662,-0.11959712027606047,-0.09366398811773835,-0.08905387984497985,-0.12605002861401554,-0.11616244820599674,-0.11952018368631041,-0.11918669874666692,-0.10193892479504651,-0.09936825125643645,-0.10235038467134006,-0.12569679829901223,-0.12485956763824056,-0.11446732425288145,-0.11720455976451473,-0.11932177248666101,-0.1044107258010667,-0.12591251343461268,-0.11790284025477463
-0.1046457727835378,-0.12080443059667818,-0.09524693328405856,-0.14372384977804287,-0.11860133405754274,-0.1242826804516304,-0.10157166705467502,-0.09776324891050593,-0.0955433456406999,-0.12338478986026628,-0.11040373733651296,-0.12468900432413144,-0.09715118384482763,-0.12169341226987712,-0.10071044732133849,-0.0967989659672234,-0.10469708119000729,-0.09116711104052033,-0.11560118671843643,-0.11831789169809609,-0.1135200314655943,-0.10255920651421141,-0.09944078449953135,-0.12484622008236455,-0.10325493080408708,-0.09000469651866945,-0.09228432496464198,-0.12718844068801125,-0.09506618906090199,-0.10966258509956398,-0.09945070939600179,-0.09812827620058259,-0.12963605566846548,-0.123312962161958,-0.11755695186889838,-0.09315193536915041,-0.12556833247475696,-0.09412700585741897,-0.09177871328752264,-0.108324321589372
-0.09426998945267516,-0.13678532303975627,-0.0992775276289161,-0.10497543407869754,-0.09885402011420497,-0.11432393712204818,-0.12101667256515986,-0.13044574087789249,-0.10754284786883032,-0.0941166227848036,-0.12144889710381633,-0.10125918204284183,-0.09437379695896005,-0.1243083420642108,-0.10785564438500794,-0.0904473758510821,-0.09554853556869668,-0.11706602487272195,-0.10172437396760996,-0.14136429959244784,-0.12040583733818122,-0.098549874586359,-0.12630816293293406,-0.09918428460634598,-0.09890242630228106,-0.12329716324755449,-0.09218846981648271,-0.09186536595914653,-0.10616398280937114,-0.1259678704614128,-0.10331665948616207,-0.09800757973253327,-0.12578826395983267,-0.1213525082799523,-0.11631343470834778,-0.12373458617719205,-0.12212572947099615,-0.09743604894333324,-0.1037696789980517,-0.09671274286690565
-0.1090108154777572,-0.12184366017561886,-0.12257685264865693,-0.09552999386768193,-0.13791749549776908,-0.09576020717859267,-0.1203509243620633,-0.12643628231338203,-0.1290667208655908,-0.11118112335790435,-0.1229902739903665,-0.0926486354868716,-0.09463661230197132,-0.10369434500927999,-0.11391105119586874,-0.13034312818816035,-0.10216498242041591,-0.0940165422292214,-0.12290236418549659,-0.10277530410520842,-0.12261468882579592,-0.11057205111808528,-0.10827360473132563,-0.10044775410837273,-0.12046301335456397,-0.09695081151969673,-0.11240730055541874,-0.11774390515987171,-0.11634447563916522,-0.12656678736607074,-0.09224690994015555,-0.08984389160981084,-0.12499772379428925,-0.10221988598656459,-0.10001923706324137,-0.1032165761187994,-0.09291507661315847,-0.0953512298890064,-0.1108243026442953,-0.0921189092834791
-0.09568741664674763,-0.09447287383792977,-0.0936692531906394,-0.12662148398039066,-0.09430045209068846,-0.12318628233358014,-0.11762075189609125,-0.09225493361198198,-0.12408361080700364,-0.09947584304076333,-0.09089854956036819,-0.10254622102758282,-0.09778797813691278,-0.12535282336704504,-0.1173350145063643,-0.09221194372808235,-0.11307748874750326,-0.10552928250723334,-0.12742196678734824,-0.09623369977184258,-0.11183799768004109,-0.1091647518667683,-0.09015552814321383,-0.10335130217574737,-0.09434416956344754,-0.09546402235203794,-0.12137477031607037,-0.10342111590210505,-0.09992706337417528,-0.11596703453309469,-0.11672848998979189,-0.12040179277272146,-0.1269248138395986,-0.10297903110980612,-0.09650096481576687,-0.10026367003006145,-0.11939959331247273,-0.11278382733125732,-0.0940704783237598,-0.10684595637995392
-0.09725040103041445,-0.12584279071648397,-0.09374541391913936,-0.1194582587864165,-0.11472252155792206,-0.1118556389688864,-0.1161701242813748,-0.11652910776107746,-0.09402819141119469,-0.09524673675277888,-0.09725999605930197,-0.09810324899669043,-0.10390110156998443,-0.10606155604551089,-0.12373082354994791,-0.10029750592651734,-0.1234688137072337,-0.11811417453178369,-0.09647684020141492,-0.1211984763415016,-0.09445932401112031,-0.09388382869775148,-0.09140657705698242,-0.12050321290685326,-0.12473773742546747,-0.096284391804475,-0.09066248952131756,-0.10865281172515227,-0.12793756590430702,-0.0937045174343127,-0.09256454664094937,-0.12025831185286423,-0.110310447971121,-0.1003059509477073,-0.09672571518779763,-0.12881345918250894,-0.10577670436476244,-0.09599296380499556,-0.1038174429690315,-0.09235649115129346
-0.12646807206846197,-0.10087715103750668,-0.1164472450161485,-0.12374929124114885,-0.1297284215382331,-0.10064874018308106,-0.10228097440347352,-0.12338236966305402,-0.13377375218558826,-0.10408561244982911,-0.09627302188632215,-0.10107416312822444,-0.11709400159135558,-0.12048467017981437,-0.09645601309915172,-0.10391758899060194,-0.12272077480056867,-0.0983711650138006,-0.11953223667729998,-0.12181611267934239,-0.12778160445731415,-0.11925074631826482,-0.12136733034813685,-0.10024460932612551,-0.11985355416280066,-0.10308413349756823,-0.09503268755205915,-0.12298732026572297,-0.12303158320586575,-0.12097710865449775,-0.12493870252727743,-0.09813664107338047,-0.11473315019569974,-0.08976337066435035,-0.10322053140730011,-0.11711224533691213,-0.09580086298892478,-0.12401626441930638,-0.0985761265884003,-0.11859885524441682
-0.09320198324913577,-0.11938264475883016,-0.12114884687683072,-0.12635424398400472,-0.11376655793628856,-0.13028707162973754,-0.09694349985152365,-0.08735471048946453,-0.12069661992826658,-0.10360041397776804,-0.09517320428247995,-0.09603562564304932,-0.11610050764828603,-0.10624869268247641,-0.10613560794974802,-0.11162422043003313,-0.08926153774431149,-0.09079543768742301,-0.0921932416030374,-0.0973414326728114,-0.12285988375238117,-0.10018386478372207,-0.12497424029415241,-0.13049021517932652,-0.11975842078517003,-0.09463651725099848,-0.14041961823605142,-0.12078058017561479,-0.09496628389129137,-0.10406134047212245,-0.10056538505138969,-0.11893685353086754,-0.12139767585071036,-0.09999586215792114,-0.11474880057110261,-0.10128847751420655,-0.09623505798207904,-0.12389115327938317,-0.09364830016860844,-0.10485047956509426
-0.0975038357726078,-0.11614894955445257,-0.09520530303721608,-0.1214526996413556,-0.0974710152724982,-0.12674859788235646,-0.12613554257115128,-0.10335349601916971,-0.1251201638662262,-0.1025155872306121,-0.1232581807147339,-0.11798413506893679,-0.0958282185819916,-0.0978725131631859,-0.11888174450567646,-0.100694520050954,-0.09936581454834473,-0.12936566942728103,-0.10640528746759477,-0.11694507099835544,-0.09202377153259741,-0.1263063898123274,-0.10567098724077562,-0.10045313071804808,-0.12283049670225768,-0.12151577299612715,-0.10103166222500767,-0.1251263908768366,-0.09295009035500168,-0.11806764494657532,-0.11352376375937742,-0.103714555493054,-0.11775197407386484,-0.12453805792093475,-0.09682958212035567,-0.10101163096901611,-0.11077313819827057,-0.09263842410900434,-0.09149117164991807,-0.08991428615393125
-0.09278663799827833,-0.09403971729609266,-0.09501682172077174,-0.10003387753002144,-0.0946953445874778,-0.0952198394254507,-0.12982444249924086,-0.11623306397261372,-0.09201787308878236,-0.09752082861426223,-0.09775956157757078,-0.08884005040948684,-0.11304532469931572,-0.08794784700412348,-0.11706707055989195,-0.13776571395550435,-0.11740237303156315,-0.09495452089069922,-0.13878097664620503,-0.09631791121243151,-0.11242289536609888,-0.12185964133320318,-0.11426040074474264,-0.10968669560994758,-0.12546201405009358,-0.11030988719757895,-0.1325234663607972,-0.12129335989317598,-0.09177799070424843,-0.09851574543211303,-0.09668540479067889,-0.09890476403956744,-0.09839371245209752,-0.11995978878237773,-0.10093931912113907,-0.09489229001863919,-0.12547415509743245,-0.11330937626971285,-0.12280376367126593,-0.09199762934659794
